Abbott,Reg Abbott,C,"",4 Feb 1930,"Winnipeg, MB, CAN",http://canadiens.nhl.com/club/player.htm?id=8444854
Achtymichuk,Gene Achtymichuk,C,"",7 Sep 1932,"Lamont, AB, CAN",http://canadiens.nhl.com/club/player.htm?id=8444858
Acton,Keith Acton,C,"",15 Apr 1958,"Stouffville, ON, CAN",http://canadiens.nhl.com/club/player.htm?id=8444897
Adams,John Adams,L,"",5 May 1920,"Calgary, AB, CAN",http://canadiens.nhl.com/club/player.htm?id=8444862
Aebischer,David Aebischer,G,"",7 Feb 1978,"Fribourg, CHE",http://canadiens.nhl.com/club/player.htm?id=8466290
Aiken,Don Aiken,G,"",1 Jan 1932,"Arlington, MA, USA",http://canadiens.nhl.com/club/player.htm?id=8449785
Alexandre,Art Alexandre,L,"",2 Mar 1909,"St-Jean, QC, CAN",http://canadiens.nhl.com/club/player.htm?id=8444870
Allen,George Allen,L,"",27 Jul 1914,"Bayfield, NB, CAN",http://canadiens.nhl.com/club/player.htm?id=8444871
Allison,David Allison,D,"",14 Apr 1959,"Fort Frances, ON, CAN",http://canadiens.nhl.com/club/player.htm?id=8444917
Anderson,Doug Anderson,C,"",20 Oct 1927,"Edmonton, AB, CAN",http://canadiens.nhl.com/club/player.htm?id=8444879
Andruff,Ronald Andruff,C,"",10 Jul 1953,"Port Alberni, BC, CAN",http://canadiens.nhl.com/club/player.htm?id=8444999
Arbour,Amos Arbour,L,"",26 Jan 1895,"Waubaushene, ON, CAN",http://canadiens.nhl.com/club/player.htm?id=8444956
Arnason,Ernest Arnason,R,"",15 Jul 1951,"Dauphin, MB, CAN",http://canadiens.nhl.com/club/player.htm?id=8445089
Asham,Arron Asham,R,PIT,13 Apr 1978,"Portage La Prairie, MB, CAN",http://canadiens.nhl.com/club/player.htm?id=8465025
Asmundson,Oscar Asmundson,C,"",17 Nov 1908,"Red Deer, AB, CAN",http://canadiens.nhl.com/club/player.htm?id=8444982
Audette,Donald Audette,R,"",23 Sep 1969,"Laval, QC, CAN",http://canadiens.nhl.com/club/player.htm?id=8445176
Auld,Alex Auld,G,OTT,7 Jan 1981,"Cold Lake, AB, CAN",http://canadiens.nhl.com/club/player.htm?id=8467913
Awrey,Don Awrey,D,"",18 Jul 1943,"Kitchener, ON, CAN",http://canadiens.nhl.com/club/player.htm?id=8444988
Backstrom,Ralph Backstrom,C,"",18 Sep 1937,"Kirkland Lake, ON, CAN",http://canadiens.nhl.com/club/player.htm?id=8444996
Baker,William Baker,D,"",29 Nov 1956,"Grand Rapids, MI, USA",http://canadiens.nhl.com/club/player.htm?id=8445212
Balej,Jozef Balej,R,"",22 Feb 1982,"Myjava, SVK",http://canadiens.nhl.com/club/player.htm?id=8468558
Balfour,Murray Balfour,R,"",24 Aug 1936,"Regina, SK, CAN",http://canadiens.nhl.com/club/player.htm?id=8445005
Balon,Dave Balon,L,"",2 Aug 1938,"Wakaw, SK, CAN",http://canadiens.nhl.com/club/player.htm?id=8445007
Baron,Murray Baron,D,"",1 Jun 1967,"Prince George, BC, CAN",http://canadiens.nhl.com/club/player.htm?id=8445266
Baron,Normand Baron,L,"",15 Dec 1957,"Verdun, QC, CAN",http://canadiens.nhl.com/club/player.htm?id=8445267
Barry,Marty Barry,C,"",8 Dec 1905,"Quebec City, QC, CAN",http://canadiens.nhl.com/club/player.htm?id=8445026
Bartlett,Jim Bartlett,L,"",27 May 1932,"Verdun, QC, CAN",http://canadiens.nhl.com/club/player.htm?id=8445028
Bashkirov,Andrei Bashkirov,L,"",22 Jun 1970,"Chelehov, RUS",http://canadiens.nhl.com/club/player.htm?id=8466130
Bauman,Gary Bauman,G,"",21 Jul 1940,"Innisfail, AB, CAN",http://canadiens.nhl.com/club/player.htm?id=8449806
Beauchemin,Francois Beauchemin,D,ANA,4 Jun 1980,"Sorel, QC, CAN",http://canadiens.nhl.com/club/player.htm?id=8467400
Bégin,Steve Bégin,L,"",14 Jun 1978,"Trois-Rivieres, QC, CAN",http://canadiens.nhl.com/club/player.htm?id=8464994
Belanger,Francis Belanger,L,"",15 Jan 1978,"Bellefeuille, QC, CAN",http://canadiens.nhl.com/club/player.htm?id=8467445
Belanger,Jesse Belanger,C,"",15 Jun 1969,"St-Georges De Beauce, QC, CAN",http://canadiens.nhl.com/club/player.htm?id=8455564
Beliveau,Jean Beliveau,C,"",31 Aug 1931,"Trois-Rivieres, QC, CAN",http://canadiens.nhl.com/club/player.htm?id=8445408
Bell,Billy Bell,C,"",10 Jun 1891,"Lachine, QC, CAN",http://canadiens.nhl.com/club/player.htm?id=8445044
Belle,Shawn Belle,D,"",3 Jan 1985,"Edmonton, AB, CAN",http://canadiens.nhl.com/club/player.htm?id=8470623
Bellows,Brian Bellows,L,"",1 Sep 1964,"St. Catherines, ON, CAN",http://canadiens.nhl.com/club/player.htm?id=8445417
Bennett,Max Bennett,R,"",4 Nov 1912,"Cobalt, ON, CAN",http://canadiens.nhl.com/club/player.htm?id=8445057
Benoit,Joe Benoit,R,"",27 Feb 1916,"St. Albert, AB, CAN",http://canadiens.nhl.com/club/player.htm?id=8445059
Berenson,Red Berenson,C,"",8 Dec 1939,"Regina, SK, CAN",http://canadiens.nhl.com/club/player.htm?id=8445067
Berezin,Sergei Berezin,L,"",5 Nov 1971,"Voskresensk, RUS",http://canadiens.nhl.com/club/player.htm?id=8460742
Bergeron,Jean Claude Bergeron,G,"",14 Oct 1968,"Hauterive, QC, CAN",http://canadiens.nhl.com/club/player.htm?id=8445438
Bergeron,Marc-Andre Bergeron,D,TBL,13 Oct 1980,"Trois-Rivieres, QC, CAN",http://canadiens.nhl.com/club/player.htm?id=8469765
Berlinquette,Louis Berlinquette,L,"","","Papineau, QC, CAN",http://canadiens.nhl.com/club/player.htm?id=8445071
Berry,Bob Berry,L,"",29 Nov 1943,"Montreal, QC, CAN",http://canadiens.nhl.com/club/player.htm?id=8445072
Bertrand,Eric Bertrand,L,"",16 Apr 1975,"St-Ephrem, QC, CAN",http://canadiens.nhl.com/club/player.htm?id=8460014
Bibeault,Paul Bibeault,G,"",13 Apr 1919,"Montreal, QC, CAN",http://canadiens.nhl.com/club/player.htm?id=8449823
Binette,Andre Binette,G,"",2 Dec 1933,"Montreal, QC, CAN",http://canadiens.nhl.com/club/player.htm?id=8449824
Blaine,Garry Blaine,R,"",19 Apr 1933,"St. Boniface, MB, CAN",http://canadiens.nhl.com/club/player.htm?id=8445091
Blake,Toe Blake,L,"",21 Aug 1912,"Victoria Mines, ON, CAN",http://canadiens.nhl.com/club/player.htm?id=8445098
Blouin,Sylvain Blouin,L,"",21 May 1974,"Montreal, QC, CAN",http://canadiens.nhl.com/club/player.htm?id=8460015
Blunden,Mike Blunden,R,MTL,15 Dec 1986,"Toronto, ON, CAN",http://canadiens.nhl.com/club/player.htm?id=8471663
Boisvert,Serge Boisvert,R,"",1 Jun 1959,"Drummondville, QC, CAN",http://canadiens.nhl.com/club/player.htm?id=8445582
Bonin,Marcel Bonin,L,"",12 Sep 1932,"Montreal, QC, CAN",http://canadiens.nhl.com/club/player.htm?id=8445116
Bonk,Radek Bonk,C,"",9 Jan 1976,"Krnov, CZE",http://canadiens.nhl.com/club/player.htm?id=8460105
Bordeleau,Christian Bordeleau,C,"",23 Sep 1947,"Noranda, QC, CAN",http://canadiens.nhl.com/club/player.htm?id=8445126
Bordeleau,Sebastien Bordeleau,C,"",15 Feb 1975,"Vancouver, BC, CAN",http://canadiens.nhl.com/club/player.htm?id=8459494
Bouchard,Butch Bouchard,D,"",11 Sep 1920,"Montreal, QC, CAN",http://canadiens.nhl.com/club/player.htm?id=8445132
Bouchard,Edmond Bouchard,L,"",24 May 1892,"St-Etienne, QC, CAN",http://canadiens.nhl.com/club/player.htm?id=8445131
Bouchard,Pierre Bouchard,D,"",20 Feb 1948,"Longueuil, QC, CAN",http://canadiens.nhl.com/club/player.htm?id=8445612
Boucher,Billy Boucher,R,"",10 Nov 1899,"Ottawa, ON, CAN",http://canadiens.nhl.com/club/player.htm?id=8445133
Boucher,Bobby Boucher,C,"",14 Feb 1904,"Ottawa, ON, CAN",http://canadiens.nhl.com/club/player.htm?id=8445136
Boudrias,Andre Boudrias,L,"",19 Sep 1943,"Montreal, QC, CAN",http://canadiens.nhl.com/club/player.htm?id=8445137
Bouillon,Francis Bouillon,D,NSH,17 Oct 1975,"New York City, NY, USA",http://canadiens.nhl.com/club/player.htm?id=8465914
Bourcier,Conrad Bourcier,C,"",28 May 1916,"Montreal, QC, CAN",http://canadiens.nhl.com/club/player.htm?id=8445140
Bourcier,Jean Bourcier,L,"",3 Jan 1911,"Montreal, QC, CAN",http://canadiens.nhl.com/club/player.htm?id=8445141
Bourgeault,Leo Bourgeault,D,"",17 Jan 1903,"Sturgeon Falls, ON, CAN",http://canadiens.nhl.com/club/player.htm?id=8445142
Bourque,Claude Bourque,G,"",31 Mar 1915,"Oxford, NS, CAN",http://canadiens.nhl.com/club/player.htm?id=8449833
Bownass,Jack Bownass,D,"",27 Jul 1930,"Winnipeg, MB, CAN",http://canadiens.nhl.com/club/player.htm?id=8445147
Boyd,Dustin Boyd,C,"",16 Jul 1986,"Winnipeg, MB, CAN",http://canadiens.nhl.com/club/player.htm?id=8471310
Brashear,Donald Brashear,L,"",7 Jan 1972,"Bedford, IN, USA",http://canadiens.nhl.com/club/player.htm?id=8459246
Brisebois,Patrice Brisebois,D,"",27 Jan 1971,"Montreal, QC, CAN",http://canadiens.nhl.com/club/player.htm?id=8445739
Brisson,Gerry Brisson,R,"",3 Sep 1937,"St. Boniface, MB, CAN",http://canadiens.nhl.com/club/player.htm?id=8445166
Broden,Connie Broden,C,"",6 Apr 1932,"Montreal, QC, CAN",http://canadiens.nhl.com/club/player.htm?id=8445171
Broderick,Len Broderick,G,"",11 Oct 1938,"Toronto, ON, CAN",http://canadiens.nhl.com/club/player.htm?id=8449840
Brown,Brad Brown,D,"",27 Dec 1975,"Baie Verte, NL, CAN",http://canadiens.nhl.com/club/player.htm?id=8460508
Brown,George Brown,C,"",17 May 1912,"Winnipeg, MB, CAN",http://canadiens.nhl.com/club/player.htm?id=8445184
Brubaker,Jeffrey Brubaker,L,"",24 Feb 1958,"Frederick, MD, USA",http://canadiens.nhl.com/club/player.htm?id=8445723
Brunet,Benoit Brunet,L,"",24 Aug 1968,"Ste-Anne-de-Bellevue, QC, CAN",http://canadiens.nhl.com/club/player.htm?id=8445734
Bucyk,Randy Bucyk,C,"",9 Nov 1962,"Edmonton, AB, CAN",http://canadiens.nhl.com/club/player.htm?id=8445752
Budaj,Peter Budaj,G,MTL,18 Sep 1982,"Banská Bystrica, SVK",http://canadiens.nhl.com/club/player.htm?id=8469514
Bulis,Jan Bulis,C,"",18 Mar 1978,"Pardubice, CZE",http://canadiens.nhl.com/club/player.htm?id=8464998
Burchell,Fred Burchell,C,"",9 Jan 1931,"Montreal, QC, CAN",http://canadiens.nhl.com/club/player.htm?id=8445257
Bure,Valeri Bure,R,"",13 Jun 1974,"Moscow, RUS",http://canadiens.nhl.com/club/player.htm?id=8458969
Bureau,Marc Bureau,C,"",19 May 1966,"Trois-Rivieres, QC, CAN",http://canadiens.nhl.com/club/player.htm?id=8445775
Burke,Marty Burke,D,"",28 Jan 1905,"Toronto, ON, CAN",http://canadiens.nhl.com/club/player.htm?id=8445262
Buswell,Walt Buswell,D,"",6 Nov 1907,"Montreal, QC, CAN",http://canadiens.nhl.com/club/player.htm?id=8445296
Cain,Herb Cain,L,"",24 Dec 1912,"Newmarket, ON, CAN",http://canadiens.nhl.com/club/player.htm?id=8445307
Cameron,Billy Cameron,R,"",5 Dec 1896,"Timmins, ON, CAN",http://canadiens.nhl.com/club/player.htm?id=8445312
Cameron,Harry Cameron,D,"",6 Feb 1890,"Pembroke, ON, CAN",http://canadiens.nhl.com/club/player.htm?id=8445314
Cammalleri,Michael Cammalleri,L,MTL,8 Jun 1982,"Richmond Hill, ON, CAN",http://canadiens.nhl.com/club/player.htm?id=8469500
Campbell,Dave Campbell,D,"",27 Apr 1896,"Lachute, QC, CAN",http://canadiens.nhl.com/club/player.htm?id=8445317
Campbell,Jim Campbell,R,"",3 Feb 1973,"Worcester, MA, USA",http://canadiens.nhl.com/club/player.htm?id=8458542
Campeau,Tod Campeau,C,"",4 Jun 1923,"St-Jerome, QC, CAN",http://canadiens.nhl.com/club/player.htm?id=8445320
Campedelli,Dom Campedelli,D,"",3 Apr 1964,"Cohasset, ME, USA",http://canadiens.nhl.com/club/player.htm?id=8445905
Campoli,Chris Campoli,D,MTL,9 Jul 1984,"Mississauga, ON, CAN",http://canadiens.nhl.com/club/player.htm?id=8470329
Carbonneau,Guy Carbonneau,C,"",18 Mar 1960,"Sept-Iles, QC, CAN",http://canadiens.nhl.com/club/player.htm?id=8446036
Carle,Mathieu Carle,D,ANA,30 Sep 1987,"Gatineau, QC, CAN",http://canadiens.nhl.com/club/player.htm?id=8473438
Carlson,Kent Carlson,D,"",11 Jan 1962,"Concord, NH, USA",http://canadiens.nhl.com/club/player.htm?id=8445936
Carnback,Patrik Carnback,R,"",1 Feb 1968,"Goteborg, SWE",http://canadiens.nhl.com/club/player.htm?id=8455801
Caron,Alain Caron,R,"",27 Apr 1938,"Dolbeau, QC, CAN",http://canadiens.nhl.com/club/player.htm?id=8445329
Carse,Bob Carse,L,"",19 Jul 1919,"Edmonton, AB, CAN",http://canadiens.nhl.com/club/player.htm?id=8445344
Carson,Gerry Carson,D,"",10 Oct 1905,"Parry Sound, ON, CAN",http://canadiens.nhl.com/club/player.htm?id=8445347
Carter,Billy Carter,C,"",2 Dec 1937,"Cornwall, ON, CAN",http://canadiens.nhl.com/club/player.htm?id=8445348
Carveth,Joe Carveth,R,"",21 Mar 1918,"Regina, SK, CAN",http://canadiens.nhl.com/club/player.htm?id=8445349
Cassels,Andrew Cassels,C,"",23 Jul 1969,"Bramalea, ON, CAN",http://canadiens.nhl.com/club/player.htm?id=8446003
Chabot,Frederic Chabot,G,"",12 Feb 1968,"Herbertville Station, QC, CAN",http://canadiens.nhl.com/club/player.htm?id=8446134
Chabot,John Chabot,C,"",18 May 1962,"Summerside, PE, CAN",http://canadiens.nhl.com/club/player.htm?id=8446029
Chabot,Lorne Chabot,G,"",5 Oct 1900,"Montreal, QC, CAN",http://canadiens.nhl.com/club/player.htm?id=8449850
Chamberlain,Murph Chamberlain,L,"",14 Feb 1915,"Shawville, QC, CAN",http://canadiens.nhl.com/club/player.htm?id=8445358
Charbonneau,Jose Charbonneau,R,"",2 Nov 1966,"Ferme-Neuve, QC, CAN",http://canadiens.nhl.com/club/player.htm?id=8446043
Charron,Eric Charron,D,"",14 Jan 1970,"Verdun, QC, CAN",http://canadiens.nhl.com/club/player.htm?id=8455843
Charron,Guy Charron,C,"",24 Jan 1949,"Verdun, QC, CAN",http://canadiens.nhl.com/club/player.htm?id=8446044
Chartraw,Raymond Chartraw,D,"",13 Jul 1954,"Caracus, VEN",http://canadiens.nhl.com/club/player.htm?id=8446047
Chelios,Chris Chelios,D,"",25 Jan 1962,"Chicago, IL, USA",http://canadiens.nhl.com/club/player.htm?id=8446053
Chipchura,Kyle Chipchura,C,PHX,19 Feb 1986,"Westlock, AB, CAN",http://canadiens.nhl.com/club/player.htm?id=8471231
Chorske,Tom Chorske,R,"",18 Sep 1966,"Minneapolis, MN, USA",http://canadiens.nhl.com/club/player.htm?id=8446026
Chouinard,Eric Chouinard,C,"",8 Jul 1980,"Atlanta, GA, USA",http://canadiens.nhl.com/club/player.htm?id=8467342
Ciccone,Enrico Ciccone,D,"",10 Apr 1970,"Montreal, QC, CAN",http://canadiens.nhl.com/club/player.htm?id=8455875
Clark,Brett Clark,D,TBL,23 Dec 1976,"Wapella, SK, CAN",http://canadiens.nhl.com/club/player.htm?id=8465122
Cleghorn,Odie Cleghorn,R,"",19 Sep 1891,"Montreal, QC, CAN",http://canadiens.nhl.com/club/player.htm?id=8445496
Cleghorn,Sprague Cleghorn,D,"",11 Mar 1890,"Montreal, QC, CAN",http://canadiens.nhl.com/club/player.htm?id=8445497
Clune,Wally Clune,D,"",20 Feb 1930,"Toronto, ON, CAN",http://canadiens.nhl.com/club/player.htm?id=8445500
Cole,Erik Cole,L,MTL,6 Nov 1978,"Oswego, NY, USA",http://canadiens.nhl.com/club/player.htm?id=8467396
Collings,Norm Collings,L,"",6 May 1910,"Bradford, ON, CAN",http://canadiens.nhl.com/club/player.htm?id=8445504
Collins,Bill Collins,R,"",13 Jul 1943,"Ottawa, ON, CAN",http://canadiens.nhl.com/club/player.htm?id=8445505
Comeau,Reynald Comeau,C,"",25 Oct 1948,"Montreal, QC, CAN",http://canadiens.nhl.com/club/player.htm?id=8446120
Connelly,Wayne Connelly,C,"",16 Dec 1939,"Rouyn, QC, CAN",http://canadiens.nhl.com/club/player.htm?id=8445521
Connor,Cameron Connor,R,"",10 Aug 1954,"Winnipeg, MB, CAN",http://canadiens.nhl.com/club/player.htm?id=8446147
Conroy,Craig Conroy,C,CGY,4 Sep 1971,"Potsdam, NY, USA",http://canadiens.nhl.com/club/player.htm?id=8455919
Cooper,Carson Cooper,R,"",17 Jul 1899,"Cornwall, ON, CAN",http://canadiens.nhl.com/club/player.htm?id=8445541
Corbeau,Bert Corbeau,D,"",9 Feb 1894,"Penetanguishene, ON, CAN",http://canadiens.nhl.com/club/player.htm?id=8445571
Cormier,Roger Cormier,R,"",23 Mar 1905,"Montreal, QC, CAN",http://canadiens.nhl.com/club/player.htm?id=8445578
Corriveau,Andre Corriveau,R,"",15 May 1928,"Grand'Mere, QC, CAN",http://canadiens.nhl.com/club/player.htm?id=8445636
Corson,Shayne Corson,L,"",13 Aug 1966,"Barrie, ON, CAN",http://canadiens.nhl.com/club/player.htm?id=8446167
Cote,Alain Cote,D,"",14 Apr 1967,"Montmagny, QC, CAN",http://canadiens.nhl.com/club/player.htm?id=8446177
Côté,Jean-Philippe Côté,D,"",22 Apr 1982,"Charlesbourg, QC, CAN",http://canadiens.nhl.com/club/player.htm?id=8468745
Coughlin,Jack Coughlin,R,"",6 Jun 1892,"Douro, ON, CAN",http://canadiens.nhl.com/club/player.htm?id=8445740
Cournoyer,Yvan Cournoyer,R,"",22 Nov 1943,"Drummondville, QC, CAN",http://canadiens.nhl.com/club/player.htm?id=8446200
Courtnall,Russ Courtnall,R,"",2 Jun 1965,"Duncan, BC, CAN",http://canadiens.nhl.com/club/player.htm?id=8446208
Couture,Billy Couture,D,"",1 Mar 1892,"North Bay, ON, CAN",http://canadiens.nhl.com/club/player.htm?id=8445744
Couture,Gerry Couture,R,"",6 Aug 1925,"Saskatoon, SK, CAN",http://canadiens.nhl.com/club/player.htm?id=8445745
Couture,Rosie Couture,R,"",24 Jul 1905,"St. Boniface, MB, CAN",http://canadiens.nhl.com/club/player.htm?id=8445746
Cox,Abbie Cox,G,"",19 Jul 1904,"London, ON, CAN",http://canadiens.nhl.com/club/player.htm?id=8449858
Cressman,Glen Cressman,C,"",29 Aug 1934,"Petersburg, ON, CAN",http://canadiens.nhl.com/club/player.htm?id=8445809
Cristofoli,Ed Cristofoli,R,"",14 May 1967,"Trail, BC, CAN",http://canadiens.nhl.com/club/player.htm?id=8446009
Crutchfield,Nels Crutchfield,C,"",12 Jul 1911,"Knowlton, QC, CAN",http://canadiens.nhl.com/club/player.htm?id=8445824
Cude,Wilf Cude,G,"",4 Jul 1910,"Barry, GBR",http://canadiens.nhl.com/club/player.htm?id=8449861
Cullimore,Jassen Cullimore,D,"",4 Dec 1972,"Simcoe, ON, CAN",http://canadiens.nhl.com/club/player.htm?id=8458543
Cummins,Jim Cummins,R,"",15 May 1970,"Dearborn, MI, USA",http://canadiens.nhl.com/club/player.htm?id=8455984
Currie,Hugh Currie,D,"",22 Oct 1925,"Saskatoon, SK, CAN",http://canadiens.nhl.com/club/player.htm?id=8445832
Curry,Floyd Curry,R,"",11 Aug 1925,"Chapleau, ON, CAN",http://canadiens.nhl.com/club/player.htm?id=8445833
Curtis,Paul Curtis,D,"",29 Sep 1947,"Peterborough, ON, CAN",http://canadiens.nhl.com/club/player.htm?id=8445834
Cushenan,Ian Cushenan,D,"",29 Nov 1933,"Hamilton, ON, CAN",http://canadiens.nhl.com/club/player.htm?id=8445835
Cyr,Claude Cyr,G,"",27 Mar 1939,"Montreal, QC, CAN",http://canadiens.nhl.com/club/player.htm?id=8449862
Czerkawski,Mariusz Czerkawski,R,"",13 Apr 1972,"Radomsko, POL",http://canadiens.nhl.com/club/player.htm?id=8458620
D'Agostini,Matt D'Agostini,R,STL,23 Oct 1986,"Sault Ste. Marie, ON, CAN",http://canadiens.nhl.com/club/player.htm?id=8471851
Dackell,Andreas Dackell,R,"",29 Dec 1972,"Gavle, SWE",http://canadiens.nhl.com/club/player.htm?id=8465090
Dagenais,Pierre Dagenais,R,"",4 Mar 1978,"Blainville, QC, CAN",http://canadiens.nhl.com/club/player.htm?id=8465003
Dahlin,Kjell Dahlin,C,"",2 Mar 1963,"Timra, SWE",http://canadiens.nhl.com/club/player.htm?id=8446287
Daigneault,Jean-Jacques Daigneault,D,"",12 Oct 1965,"Montreal, QC, CAN",http://canadiens.nhl.com/club/player.htm?id=8446286
Dame,Bunny Dame,L,"",6 Dec 1913,"Edmonton, AB, CAN",http://canadiens.nhl.com/club/player.htm?id=8445841
Damphousse,Vincent Damphousse,C,"",17 Dec 1967,"Montreal, QC, CAN",http://canadiens.nhl.com/club/player.htm?id=8446303
Dandenault,Mathieu Dandenault,D,"",3 Feb 1976,"Sherbrooke, QC, CAN",http://canadiens.nhl.com/club/player.htm?id=8460540
Danis,Yann Danis,G,EDM,21 Jun 1981,"Lafontaine, QC, CAN",http://canadiens.nhl.com/club/player.htm?id=8471186
Daoust,Daniel Daoust,C,"",29 Feb 1960,"Montreal, QC, CAN",http://canadiens.nhl.com/club/player.htm?id=8446311
Darby,Craig Darby,C,"",26 Sep 1972,"Oneida, NY, USA",http://canadiens.nhl.com/club/player.htm?id=8458557
Darche,Mathieu Darche,L,MTL,26 Nov 1976,"Montreal, QC, CAN",http://canadiens.nhl.com/club/player.htm?id=8468463
Davis,Lorne Davis,R,"",20 Jul 1930,"Regina, SK, CAN",http://canadiens.nhl.com/club/player.htm?id=8445851
Dawe,Jason Dawe,R,"",29 May 1973,"North York, ON, CAN",http://canadiens.nhl.com/club/player.htm?id=8458549
Dawes,Bob Dawes,D,"",29 Nov 1924,"Saskatoon, SK, CAN",http://canadiens.nhl.com/club/player.htm?id=8445853
Dawes,Nigel Dawes,L,"",9 Feb 1985,"Winnipeg, MB, CAN",http://canadiens.nhl.com/club/player.htm?id=8470741
DeJordy,Denis DeJordy,G,"",12 Nov 1938,"St-Hyacinthe, QC, CAN",http://canadiens.nhl.com/club/player.htm?id=8449866
Deblois,Lucien Deblois,C,"",21 Jun 1957,"Joliette, QC, CAN",http://canadiens.nhl.com/club/player.htm?id=8446353
Delisle,Jonathan Delisle,R,"",30 Jun 1977,"Montreal, QC, CAN",http://canadiens.nhl.com/club/player.htm?id=8462113
Delisle,Xavier Delisle,C,"",24 May 1977,"Quebec City, QC, CAN",http://canadiens.nhl.com/club/player.htm?id=8465125
Delorme,Gilbert Delorme,D,"",25 Nov 1962,"Boucherville, QC, CAN",http://canadiens.nhl.com/club/player.htm?id=8446372
Demers,Tony Demers,R,"",22 Jul 1917,"Chambly, QC, CAN",http://canadiens.nhl.com/club/player.htm?id=8445868
Denis,Lulu Denis,R,"",7 Jun 1928,"Vonda, SK, CAN",http://canadiens.nhl.com/club/player.htm?id=8445872
Denis,Marc Denis,G,"",1 Aug 1977,"Montreal, QC, CAN",http://canadiens.nhl.com/club/player.htm?id=8462055
Desaulniers,Gerard Desaulniers,C,"",31 Dec 1928,"Shawinigan Falls, QC, CAN",http://canadiens.nhl.com/club/player.htm?id=8445883
Descoteaux,Matthieu Descoteaux,D,"",23 Sep 1977,"Pierreville, QC, CAN",http://canadiens.nhl.com/club/player.htm?id=8464972
Desharnais,David Desharnais,C,MTL,14 Sep 1986,"Laurier-Station, QC, CAN",http://canadiens.nhl.com/club/player.htm?id=8471976
Desilets,Joffre Desilets,R,"",16 Apr 1915,"Capreol, ON, CAN",http://canadiens.nhl.com/club/player.htm?id=8445884
Desjardins,Eric Desjardins,D,"",14 Jun 1969,"Rouyn, QC, CAN",http://canadiens.nhl.com/club/player.htm?id=8446407
Desjardins,Martin Desjardins,C,"",28 Jan 1967,"Ste. Rose, QC, CAN",http://canadiens.nhl.com/club/player.htm?id=8446397
Deslauriers,Jacques Deslauriers,D,"",3 Sep 1928,"Montreal, QC, CAN",http://canadiens.nhl.com/club/player.htm?id=8445886
Dheere,Marcel Dheere,L,"",19 Dec 1920,"St. Boniface, MB, CAN",http://canadiens.nhl.com/club/player.htm?id=8445891
Di Pietro,Paul Di Pietro,C,"",8 Sep 1970,"Sault Ste. Marie, ON, CAN",http://canadiens.nhl.com/club/player.htm?id=8456080
Diaz,Raphael Diaz,D,MTL,9 Jan 1986,"Baar, CHE",http://canadiens.nhl.com/club/player.htm?id=8476244
Diduck,Gerald Diduck,D,"",6 Apr 1965,"Edmonton, AB, CAN",http://canadiens.nhl.com/club/player.htm?id=8446417
Dionne,Gilbert Dionne,L,"",19 Sep 1970,"Drummondville, QC, CAN",http://canadiens.nhl.com/club/player.htm?id=8446415
Dirk,Robert Dirk,D,"",20 Aug 1966,"Regina, SK, CAN",http://canadiens.nhl.com/club/player.htm?id=8446376
Doherty,Fred Doherty,R,"",15 Aug 1887,"Norwood, ON, CAN",http://canadiens.nhl.com/club/player.htm?id=8445914
Doran,John Doran,D,"",24 May 1911,"Belleville, ON, CAN",http://canadiens.nhl.com/club/player.htm?id=8445926
Dorohoy,Eddie Dorohoy,C,"",13 Mar 1929,"Medicine Hat, AB, CAN",http://canadiens.nhl.com/club/player.htm?id=8445944
Dowd,James Dowd,C,"",25 Dec 1968,"Brick, NJ, USA",http://canadiens.nhl.com/club/player.htm?id=8456100
Downey,Aaron Downey,R,"",27 Aug 1974,"Shelburne, ON, CAN",http://canadiens.nhl.com/club/player.htm?id=8465992
Drillon,Gordie Drillon,R,"",23 Oct 1913,"Moncton, NB, CAN",http://canadiens.nhl.com/club/player.htm?id=8445950
Drouin,Jude Drouin,C,"",28 Oct 1948,"Mont-Louis, QC, CAN",http://canadiens.nhl.com/club/player.htm?id=8446482
Drouin,Polly Drouin,L,"",16 Jan 1916,"Verdun, QC, CAN",http://canadiens.nhl.com/club/player.htm?id=8445953
Dryden,Kenneth Dryden,G,"",8 Aug 1947,"Hamilton, ON, CAN",http://canadiens.nhl.com/club/player.htm?id=8446490
Dube,Gilles Dube,L,"",2 Jun 1927,"Sherbrooke, QC, CAN",http://canadiens.nhl.com/club/player.htm?id=8445956
Duff,Dick Duff,L,"",18 Feb 1936,"Kirkland Lake, ON, CAN",http://canadiens.nhl.com/club/player.htm?id=8445957
Dufresne,Donald Dufresne,D,"",10 Apr 1967,"Rimouski, QC, CAN",http://canadiens.nhl.com/club/player.htm?id=8446501
Dupont,Normand Dupont,L,"",5 Feb 1957,"Montreal, QC, CAN",http://canadiens.nhl.com/club/player.htm?id=8446535
Durnan,Bill Durnan,G,"",22 Jan 1916,"Toronto, ON, CAN",http://canadiens.nhl.com/club/player.htm?id=8449910
Dussault,Norm Dussault,C,"",26 Sep 1925,"Springfield, MA, USA",http://canadiens.nhl.com/club/player.htm?id=8445967
Dwyer,Gordie Dwyer,L,"",25 Jan 1978,"Dalhousie, NB, CAN",http://canadiens.nhl.com/club/player.htm?id=8465020
Dykhuis,Karl Dykhuis,D,"",8 Jul 1972,"Sept-Iles, QC, CAN",http://canadiens.nhl.com/club/player.htm?id=8456149
Eddolls,Frank Eddolls,D,"",5 Jul 1921,"Lachine, QC, CAN",http://canadiens.nhl.com/club/player.htm?id=8445999
Edmundson,Garry Edmundson,L,"",6 May 1932,"Sexsmith, AB, CAN",http://canadiens.nhl.com/club/player.htm?id=8446004
Eller,Lars Eller,C,MTL,8 May 1989,"Rodovre, DNK",http://canadiens.nhl.com/club/player.htm?id=8474189
Emberg,Eddie Emberg,C,"",18 Nov 1921,"Montreal, QC, CAN",http://canadiens.nhl.com/club/player.htm?id=8446148
Emelin,Alexei Emelin,D,MTL,25 Apr 1986,"Togliatti, RUS",http://canadiens.nhl.com/club/player.htm?id=8471296
Engblom,Brian Engblom,D,"",27 Jan 1955,"Winnipeg, MB, CAN",http://canadiens.nhl.com/club/player.htm?id=8446679
Engqvist,Andreas Engqvist,C,MTL,23 Dec 1987,"Stockholm, SWE",http://canadiens.nhl.com/club/player.htm?id=8475372
Esposito,Anthony Esposito,G,"",23 Apr 1943,"Sault Ste. Marie, ON, CAN",http://canadiens.nhl.com/club/player.htm?id=8446720
Evans,Claude Evans,G,"",28 Apr 1933,"Longueuil, QC, CAN",http://canadiens.nhl.com/club/player.htm?id=8449916
Evans,Stewart Evans,D,"",19 Jun 1908,"Ottawa, ON, CAN",http://canadiens.nhl.com/club/player.htm?id=8446182
Ewen,Todd Ewen,R,"",22 Mar 1966,"Saskatoon, SK, CAN",http://canadiens.nhl.com/club/player.htm?id=8446733
Exelby,Randy Exelby,G,"",13 Aug 1965,"Toronto, ON, CAN",http://canadiens.nhl.com/club/player.htm?id=8446723
Ferguson,Craig Ferguson,C,"",8 Apr 1970,"Castro Valley, CA, USA",http://canadiens.nhl.com/club/player.htm?id=8456235
Ferguson,John Ferguson,L,"",5 Sep 1938,"Vancouver, BC, CAN",http://canadiens.nhl.com/club/player.htm?id=8446812
Ferland,Jonathan Ferland,R,"",9 Feb 1983,"Quebec City, QC, CAN",http://canadiens.nhl.com/club/player.htm?id=8469807
Fichaud,Eric Fichaud,G,"",4 Nov 1975,"Anjou, QC, CAN",http://canadiens.nhl.com/club/player.htm?id=8460506
Field,Wilf Field,D,"",29 Apr 1915,"Winnipeg, MB, CAN",http://canadiens.nhl.com/club/player.htm?id=8446215
Fillion,Bob Fillion,L,"",12 Jul 1921,"Thetford Mines, QC, CAN",http://canadiens.nhl.com/club/player.htm?id=8446230
Fiset,Stephane Fiset,G,"",17 Jun 1970,"Montreal, QC, CAN",http://canadiens.nhl.com/club/player.htm?id=8446831
Fitzpatrick,Rory Fitzpatrick,D,"",11 Jan 1975,"Rochester, NY, USA",http://canadiens.nhl.com/club/player.htm?id=8459469
Fleming,Gerry Fleming,L,"",16 Oct 1966,"Montreal, QC, CAN",http://canadiens.nhl.com/club/player.htm?id=8456274
Fleming,Reggie Fleming,D,"",21 Apr 1936,"Montreal, QC, CAN",http://canadiens.nhl.com/club/player.htm?id=8446324
Fletcher,Steven Fletcher,D,"",31 Mar 1962,"Montreal, QC, CAN",http://canadiens.nhl.com/club/player.htm?id=8446852
Flockhart,Ron Flockhart,C,"",10 Oct 1960,"Smithers, BC, CAN",http://canadiens.nhl.com/club/player.htm?id=8446869
Fogarty,Bryan Fogarty,D,"",11 Jun 1969,"Brantford, ON, CAN",http://canadiens.nhl.com/club/player.htm?id=8446873
Fontinato,Lou Fontinato,D,"",20 Jan 1932,"Guelph, ON, CAN",http://canadiens.nhl.com/club/player.htm?id=8446343
Fortier,Charles Fortier,L,"","","Rockland, ON, CAN",http://canadiens.nhl.com/club/player.htm?id=8446413
Frampton,Bob Frampton,L,"",20 Jan 1929,"Toronto, ON, CAN",http://canadiens.nhl.com/club/player.htm?id=8446464
Fraser,Gord Fraser,D,"",3 Jan 1902,"Pembroke, ON, CAN",http://canadiens.nhl.com/club/player.htm?id=8446489
Fraser,Scott Fraser,R,"",3 May 1972,"Moncton, NB, CAN",http://canadiens.nhl.com/club/player.htm?id=8458705
Frew,Irv Frew,D,"",16 Aug 1907,"Kilsyth, GBR",http://canadiens.nhl.com/club/player.htm?id=8446502
Fryday,Bob Fryday,R,"",5 Dec 1928,"Toronto, ON, CAN",http://canadiens.nhl.com/club/player.htm?id=8446511
Gagne,Art Gagne,R,"",11 Oct 1897,"Ottawa, ON, CAN",http://canadiens.nhl.com/club/player.htm?id=8446514
Gagnon,Germain Gagnon,L,"",9 Dec 1942,"Chicoutimi, QC, CAN",http://canadiens.nhl.com/club/player.htm?id=8446552
Gagnon,Johnny Gagnon,R,"",8 Jun 1905,"Chicoutimi, QC, CAN",http://canadiens.nhl.com/club/player.htm?id=8446553
Gainey,Robert Gainey,L,"",13 Dec 1953,"Peterborough, ON, CAN",http://canadiens.nhl.com/club/player.htm?id=8446998
Gamble,Dick Gamble,L,"",16 Nov 1928,"Moncton, NB, CAN",http://canadiens.nhl.com/club/player.htm?id=8446562
Ganchar,Perry Ganchar,R,"",28 Oct 1963,"Saskatoon, SK, CAN",http://canadiens.nhl.com/club/player.htm?id=8447033
Gardiner,Bert Gardiner,G,"",25 Mar 1913,"Saskatoon, SK, CAN",http://canadiens.nhl.com/club/player.htm?id=8449960
Gardiner,Herb Gardiner,D,"",8 May 1891,"Winnipeg, MB, CAN",http://canadiens.nhl.com/club/player.htm?id=8446564
Gardner,David Gardner,C,"",23 Aug 1952,"Toronto, ON, CAN",http://canadiens.nhl.com/club/player.htm?id=8447042
Garon,Mathieu Garon,G,TBL,9 Jan 1978,"Chandler, QC, CAN",http://canadiens.nhl.com/club/player.htm?id=8464999
Gaudreault,Leo Gaudreault,L,"",19 Oct 1905,"Chicoutimi, QC, CAN",http://canadiens.nhl.com/club/player.htm?id=8446571
Gauthier,Art Gauthier,C,"",10 Oct 1904,"Espanola, ON, CAN",http://canadiens.nhl.com/club/player.htm?id=8446572
Gauthier,Fern Gauthier,R,"",31 Aug 1919,"Chicoutimi, QC, CAN",http://canadiens.nhl.com/club/player.htm?id=8446573
Gauthier,Jean Gauthier,D,"",29 Apr 1937,"Montreal, QC, CAN",http://canadiens.nhl.com/club/player.htm?id=8446574
Gauthier,Luc Gauthier,D,"",19 Apr 1964,"Victoriaville, QC, CAN",http://canadiens.nhl.com/club/player.htm?id=8447079
Gauthier,Paul Gauthier,G,"",6 Mar 1915,"Winnipeg, MB, CAN",http://canadiens.nhl.com/club/player.htm?id=8449976
Gauvreau,Jocelyn Gauvreau,D,"",4 Mar 1964,"Masham, QC, CAN",http://canadiens.nhl.com/club/player.htm?id=8447088
Gendron,Jean-guy Gendron,L,"",30 Aug 1934,"Montreal, QC, CAN",http://canadiens.nhl.com/club/player.htm?id=8446577
Geoffrion,Bernie Geoffrion,R,"",16 Feb 1931,"Montreal, QC, CAN",http://canadiens.nhl.com/club/player.htm?id=8446579
Geoffrion,Daniel Geoffrion,R,"",24 Jan 1958,"Montreal, QC, CAN",http://canadiens.nhl.com/club/player.htm?id=8447115
Getliffe,Ray Getliffe,C,"",3 Apr 1914,"Galt, ON, CAN",http://canadiens.nhl.com/club/player.htm?id=8446582
Gilchrist,Brent Gilchrist,L,"",3 Apr 1967,"Moose Jaw, SK, CAN",http://canadiens.nhl.com/club/player.htm?id=8447177
Gill,Hal Gill,D,MTL,6 Apr 1975,"Concord, MA, USA",http://canadiens.nhl.com/club/player.htm?id=8459628
Gilmour,Douglas Gilmour,C,"",25 Jun 1963,"Kingston, ON, CAN",http://canadiens.nhl.com/club/player.htm?id=8447206
Gingras,Gaston Gingras,D,"",13 Feb 1959,"North Bay, ON, CAN",http://canadiens.nhl.com/club/player.htm?id=8447205
Gionta,Brian Gionta,R,MTL,18 Jan 1979,"Rochester, NY, USA",http://canadiens.nhl.com/club/player.htm?id=8467407
Giroux,Art Giroux,R,"",6 Jun 1908,"Winnipeg, MB, CAN",http://canadiens.nhl.com/club/player.htm?id=8446590
Glover,Howie Glover,R,"",14 Feb 1935,"Toronto, ON, CAN",http://canadiens.nhl.com/club/player.htm?id=8446595
Godin,Sam Godin,R,"",20 Sep 1909,"Rockland, ON, CAN",http://canadiens.nhl.com/club/player.htm?id=8446600
Goldsworthy,Leroy Goldsworthy,R,"",18 Oct 1906,"Two Harbors, MN, USA",http://canadiens.nhl.com/club/player.htm?id=8446607
Goldup,Glenn Goldup,R,"",26 Apr 1953,"St. Catherines, ON, CAN",http://canadiens.nhl.com/club/player.htm?id=8447290
Gomez,Scott Gomez,C,MTL,23 Dec 1979,"Anchorage, AK, USA",http://canadiens.nhl.com/club/player.htm?id=8467351
Gorges,Josh Gorges,D,MTL,14 Aug 1984,"Kelowna, BC, CAN",http://canadiens.nhl.com/club/player.htm?id=8470324
Goupille,Red Goupille,D,"",2 Sep 1915,"Trois-Rivieres, QC, CAN",http://canadiens.nhl.com/club/player.htm?id=8446621
Goyette,Phil Goyette,C,"",31 Oct 1933,"Lachine, QC, CAN",http://canadiens.nhl.com/club/player.htm?id=8446623
Graboski,Tony Graboski,L,"",9 May 1916,"Timmins, ON, CAN",http://canadiens.nhl.com/club/player.htm?id=8446627
Grabovski,Mikhail Grabovski,C,TOR,31 Jan 1984,"Potsdam, DEU",http://canadiens.nhl.com/club/player.htm?id=8471362
Gracie,Bob Gracie,C,"",8 Nov 1910,"North Bay, ON, CAN",http://canadiens.nhl.com/club/player.htm?id=8446628
Grant,Daniel Grant,L,"",21 Feb 1946,"Fredericton, NB, CAN",http://canadiens.nhl.com/club/player.htm?id=8447352
Gratton,Benoit Gratton,C,"",28 Dec 1976,"Montreal, QC, CAN",http://canadiens.nhl.com/club/player.htm?id=8462135
Gravelle,Leo Gravelle,R,"",10 Jun 1925,"Aylmer, QC, CAN",http://canadiens.nhl.com/club/player.htm?id=8446640
Gray,Terry Gray,R,"",21 Mar 1938,"Montreal, QC, CAN",http://canadiens.nhl.com/club/player.htm?id=8446642
Green,Richard Green,D,"",20 Feb 1956,"Belleville, ON, CAN",http://canadiens.nhl.com/club/player.htm?id=8447402
Grenier,Lucien Grenier,R,"",3 Nov 1946,"Malartic, QC, CAN",http://canadiens.nhl.com/club/player.htm?id=8446645
Groleau,Francois Groleau,D,"",23 Jan 1973,"Longueuil, QC, CAN",http://canadiens.nhl.com/club/player.htm?id=8458555
Grosvenor,Len Grosvenor,C,"",21 Jul 1905,"Ottawa, ON, CAN",http://canadiens.nhl.com/club/player.htm?id=8446652
Guren,Miloslav Guren,D,"",24 Sep 1976,"Uh. Hradiste, CZE",http://canadiens.nhl.com/club/player.htm?id=8462088
Hackett,Jeff Hackett,G,"",1 Jun 1968,"London, ON, CAN",http://canadiens.nhl.com/club/player.htm?id=8447449
Haggarty,Jim Haggarty,L,"",14 Apr 1914,"Port Arthur, ON, CAN",http://canadiens.nhl.com/club/player.htm?id=8446659
Hainsey,Ron Hainsey,D,WPG,24 Mar 1981,"Bolton, CT, USA",http://canadiens.nhl.com/club/player.htm?id=8468493
Hainsworth,George Hainsworth,G,"",26 Jun 1895,"Toronto, ON, CAN",http://canadiens.nhl.com/club/player.htm?id=8449987
Halak,Jaroslav Halak,G,STL,13 May 1985,"Bratislava, SVK",http://canadiens.nhl.com/club/player.htm?id=8470860
Hall,Joe Hall,D,"",3 May 1882,"Staffordshire, GBR",http://canadiens.nhl.com/club/player.htm?id=8446669
Haller,Kevin Haller,D,"",5 Dec 1970,"Trochu, AB, CAN",http://canadiens.nhl.com/club/player.htm?id=8447477
Halpern,Jeff Halpern,C,WSH,3 May 1976,"Washington, DC, USA",http://canadiens.nhl.com/club/player.htm?id=8467831
Hamel,Jean Hamel,D,"",26 Jun 1952,"Asbestos, QC, CAN",http://canadiens.nhl.com/club/player.htm?id=8447482
Hamilton,Chuck Hamilton,L,"",18 Jan 1939,"Kirkland Lake, ON, CAN",http://canadiens.nhl.com/club/player.htm?id=8446687
Hamrlik,Roman Hamrlik,D,WSH,12 Apr 1974,"Zlin, CZE",http://canadiens.nhl.com/club/player.htm?id=8458938
Hanna,John Hanna,D,"",5 Apr 1935,"Sydney, NS, CAN",http://canadiens.nhl.com/club/player.htm?id=8446690
Harmon,Glen Harmon,D,"",2 Jan 1921,"Holland, MB, CAN",http://canadiens.nhl.com/club/player.htm?id=8446699
Harper,Terrance Harper,D,"",27 Jan 1940,"Regina, SK, CAN",http://canadiens.nhl.com/club/player.htm?id=8447568
Harrington,Hago Harrington,L,"",13 Aug 1904,"Melrose, MA, USA",http://canadiens.nhl.com/club/player.htm?id=8446703
Harris,Ted Harris,D,"",18 Jul 1936,"Winnipeg, MB, CAN",http://canadiens.nhl.com/club/player.htm?id=8446717
Hart,Gizzy Hart,L,"",1 Jun 1902,"Weyburn, SK, CAN",http://canadiens.nhl.com/club/player.htm?id=8446727
Harvey,Doug Harvey,D,"",19 Dec 1924,"Montreal, QC, CAN",http://canadiens.nhl.com/club/player.htm?id=8446728
Haynes,Paul Haynes,C,"",1 Mar 1910,"Montreal, QC, CAN",http://canadiens.nhl.com/club/player.htm?id=8446753
Hayward,Brian Hayward,G,"",25 Jun 1960,"Weston, ON, CAN",http://canadiens.nhl.com/club/player.htm?id=8447701
Headley,Fern Headley,D,"",2 Mar 1901,"Crystal, ND, USA",http://canadiens.nhl.com/club/player.htm?id=8446755
Heffernan,Gerry Heffernan,R,"",24 Jul 1916,"Montreal, QC, CAN",http://canadiens.nhl.com/club/player.htm?id=8446762
Henry,Alex Henry,D,MTL,18 Oct 1979,"Elliot Lake, ON, CAN",http://canadiens.nhl.com/club/player.htm?id=8467392
Heron,Red Heron,C,"",31 Dec 1917,"Toronto, ON, CAN",http://canadiens.nhl.com/club/player.htm?id=8446842
Herron,Denis Herron,G,"",18 Jun 1952,"Chambly, QC, CAN",http://canadiens.nhl.com/club/player.htm?id=8447755
Hicke,Bill Hicke,R,"",31 Mar 1938,"Regina, SK, CAN",http://canadiens.nhl.com/club/player.htm?id=8446856
Hicks,Wayne Hicks,R,"",9 Apr 1937,"Aberdeen, WA, USA",http://canadiens.nhl.com/club/player.htm?id=8446858
Higgins,Christopher Higgins,L,VAN,2 Jun 1983,"Smithtown, NY, USA",http://canadiens.nhl.com/club/player.htm?id=8470274
Higgins,Matt Higgins,C,"",29 Oct 1977,"Calgary, AB, CAN",http://canadiens.nhl.com/club/player.htm?id=8464971
Hill,Sean Hill,D,"",14 Feb 1970,"Duluth, MN, USA",http://canadiens.nhl.com/club/player.htm?id=8456595
Hiller,Dutch Hiller,L,"",11 May 1915,"Berlin, ON, CAN",http://canadiens.nhl.com/club/player.htm?id=8446861
Hillman,Larry Hillman,D,"",5 Feb 1937,"Kirkland Lake, ON, CAN",http://canadiens.nhl.com/club/player.htm?id=8446864
Hirschfeld,Bert Hirschfeld,L,"",1 Mar 1929,"Halifax, NS, CAN",http://canadiens.nhl.com/club/player.htm?id=8446885
Hodge,Charlie Hodge,G,"",28 Jul 1933,"Lachine, QC, CAN",http://canadiens.nhl.com/club/player.htm?id=8449995
Hoekstra,Cec Hoekstra,C,"",2 Apr 1935,"Winnipeg, MB, CAN",http://canadiens.nhl.com/club/player.htm?id=8446888
Hoganson,Dale Hoganson,D,"",8 Jul 1949,"North Battleford, SK, CAN",http://canadiens.nhl.com/club/player.htm?id=8447930
Hoglund,Jonas Hoglund,R,"",29 Aug 1972,"Hammaro, SWE",http://canadiens.nhl.com/club/player.htm?id=8459158
Holden,Mark Holden,G,"",12 Jun 1957,"Weymouth, MA, USA",http://canadiens.nhl.com/club/player.htm?id=8447940
Holmes,Bill Holmes,C,"",9 Mar 1899,"Portage La Prairie, MB, CAN",http://canadiens.nhl.com/club/player.htm?id=8446897
Horvath,Bronco Horvath,C,"",12 Mar 1930,"Port Colborne, ON, CAN",http://canadiens.nhl.com/club/player.htm?id=8446918
Hossa,Marcel Hossa,L,"",12 Oct 1981,"Ilava, SVK",http://canadiens.nhl.com/club/player.htm?id=8468496
Houde,Eric Houde,C,"",19 Dec 1976,"Montreal, QC, CAN",http://canadiens.nhl.com/club/player.htm?id=8462252
Houle,Rejean Houle,L,"",25 Oct 1949,"Rouyn, QC, CAN",http://canadiens.nhl.com/club/player.htm?id=8447988
Huck,Fran Huck,C,"",4 Dec 1945,"Regina, SK, CAN",http://canadiens.nhl.com/club/player.htm?id=8446933
Huet,Cristobal Huet,G,CHI,3 Sep 1975,"St-Martin-d'Hères, FRA",http://canadiens.nhl.com/club/player.htm?id=8469658
Hughes,Patrick Hughes,R,"",25 Mar 1955,"Calgary, AB, CAN",http://canadiens.nhl.com/club/player.htm?id=8448075
Hunter,Mark Hunter,R,"",12 Nov 1962,"Petrolia, ON, CAN",http://canadiens.nhl.com/club/player.htm?id=8448106
Irwin,Ivan Irwin,D,"",13 Mar 1927,"Chicago, IL, USA",http://canadiens.nhl.com/club/player.htm?id=8447022
Ivanans,Raitis Ivanans,L,CGY,3 Jan 1979,"Riga, LVA",http://canadiens.nhl.com/club/player.htm?id=8469120
Jablonski,Pat Jablonski,G,"",20 Jun 1967,"Toledo, OH, USA",http://canadiens.nhl.com/club/player.htm?id=8448207
Janik,Doug Janik,D,DET,26 Mar 1980,"Agawam, MA, USA",http://canadiens.nhl.com/club/player.htm?id=8467928
Jarventie,Martti Jarventie,D,"",4 Apr 1976,"Tampere, FIN",http://canadiens.nhl.com/club/player.htm?id=8469558
Jarvis,Douglas Jarvis,C,"",24 Mar 1955,"Peterborough, ON, CAN",http://canadiens.nhl.com/club/player.htm?id=8448254
Jenkins,Roger Jenkins,R,"",18 Nov 1911,"Appleton, WI, USA",http://canadiens.nhl.com/club/player.htm?id=8447052
Joanette,Rosario Joanette,C,"",27 Jul 1919,"Valleyfield, QC, CAN",http://canadiens.nhl.com/club/player.htm?id=8447058
Johns,Don Johns,D,"",13 Dec 1937,"St. George, ON, CAN",http://canadiens.nhl.com/club/player.htm?id=8447092
Johnson,Allan Johnson,R,"",30 Mar 1935,"Winnipeg, MB, CAN",http://canadiens.nhl.com/club/player.htm?id=8447093
Johnson,Mike Johnson,R,"",3 Oct 1974,"Scarborough, ON, CAN",http://canadiens.nhl.com/club/player.htm?id=8466109
Johnson,Tom Johnson,D,"",18 Feb 1928,"Baldur, MB, CAN",http://canadiens.nhl.com/club/player.htm?id=8447101
Joliat,Aurel Joliat,L,"",29 Aug 1901,"Ottawa, ON, CAN",http://canadiens.nhl.com/club/player.htm?id=8447110
Joliat,Rene Joliat,R,"",25 Apr 1898,"Ottawa, ON, CAN",http://canadiens.nhl.com/club/player.htm?id=8447111
Joly,Yvan Joly,R,"",6 Feb 1960,"Hawkesbury, ON, CAN",http://canadiens.nhl.com/club/player.htm?id=8448369
Jomphe,Jean-Francois Jomphe,C,"",28 Dec 1972,"Havre St-Pierre, QC, CAN",http://canadiens.nhl.com/club/player.htm?id=8459305
Juneau,Joseph Juneau,C,"",5 Jan 1968,"Pont-Rouge, QC, CAN",http://canadiens.nhl.com/club/player.htm?id=8456760
Kaiser,Vern Kaiser,L,"",28 Sep 1926,"Preston, ON, CAN",http://canadiens.nhl.com/club/player.htm?id=8447129
Karakas,Mike Karakas,G,"",12 Dec 1911,"Aurora, MN, USA",http://canadiens.nhl.com/club/player.htm?id=8450007
Keane,Mike Keane,R,"",29 May 1967,"Winnipeg, MB, CAN",http://canadiens.nhl.com/club/player.htm?id=8448415
Kilger,Chad Kilger,L,FLA,27 Nov 1976,"Cornwall, ON, CAN",http://canadiens.nhl.com/club/player.htm?id=8462035
King,Frank King,C,"",7 Mar 1929,"Toronto, ON, CAN",http://canadiens.nhl.com/club/player.htm?id=8447184
Kiprusoff,Marko Kiprusoff,D,"",6 Jun 1972,"Turku, FIN",http://canadiens.nhl.com/club/player.htm?id=8460560
Kitchen,William Kitchen,D,"",10 Feb 1960,"Schomberg, ON, CAN",http://canadiens.nhl.com/club/player.htm?id=8448494
Kjellberg,Patric Kjellberg,L,"",17 Jun 1969,"Trelleborg, SWE",http://canadiens.nhl.com/club/player.htm?id=8456848
Koivu,Saku Koivu,C,ANA,23 Nov 1974,"Turku, FIN",http://canadiens.nhl.com/club/player.htm?id=8459442
Komisarek,Mike Komisarek,D,TOR,19 Jan 1982,"West Islip, NY, USA",http://canadiens.nhl.com/club/player.htm?id=8469460
Kordic,John Kordic,R,"",22 Mar 1965,"Edmonton, AB, CAN",http://canadiens.nhl.com/club/player.htm?id=8448534
Kostitsyn,Andrei Kostitsyn,L,MTL,3 Feb 1985,"Novopolotsk, BLR",http://canadiens.nhl.com/club/player.htm?id=8470603
Kostitsyn,Sergei Kostitsyn,L,NSH,20 Mar 1987,"Novopolotsk, BLR",http://canadiens.nhl.com/club/player.htm?id=8471859
Kostopoulos,Tom Kostopoulos,R,CGY,24 Jan 1979,"Mississauga, ON, CAN",http://canadiens.nhl.com/club/player.htm?id=8466398
Kovalenko,Andrei Kovalenko,R,"",7 Jun 1970,"Balakovo, RUS",http://canadiens.nhl.com/club/player.htm?id=8456882
Kovalev,Alex Kovalev,R,"",24 Feb 1973,"Togliatti, RUS",http://canadiens.nhl.com/club/player.htm?id=8458529
Kuntar,Les Kuntar,G,"",28 Jul 1969,"Elma, NY, USA",http://canadiens.nhl.com/club/player.htm?id=8456917
Kurvers,Tom Kurvers,D,"",14 Sep 1962,"Minneapolis, MN, USA",http://canadiens.nhl.com/club/player.htm?id=8448568
Labrecque,Patrick Labrecque,G,"",6 Mar 1971,"Laval, QC, CAN",http://canadiens.nhl.com/club/player.htm?id=8458604
Lach,Elmer Lach,C,"",22 Jan 1918,"Nokomis, SK, CAN",http://canadiens.nhl.com/club/player.htm?id=8447271
Lachance,Scott Lachance,D,"",22 Oct 1972,"Charlottesville, VA, USA",http://canadiens.nhl.com/club/player.htm?id=8458518
Lacroix,Frenchy Lacroix,G,"",21 Oct 1897,"Newton, MA, USA",http://canadiens.nhl.com/club/player.htm?id=8450012
Laflamme,Christian Laflamme,D,"",24 Nov 1976,"St. Charles, QC, CAN",http://canadiens.nhl.com/club/player.htm?id=8462073
Lafleur,Guy Lafleur,R,"",20 Sep 1951,"Thurso, QC, CAN",http://canadiens.nhl.com/club/player.htm?id=8448624
Lafleur,Roland Lafleur,L,"","","Ottawa, ON, CAN",http://canadiens.nhl.com/club/player.htm?id=8447272
Laforce,Ernie Laforce,D,"",23 Jun 1916,"Montreal, QC, CAN",http://canadiens.nhl.com/club/player.htm?id=8447273
Laforge,Claude Laforge,L,"",1 Jul 1936,"Sorel, QC, CAN",http://canadiens.nhl.com/club/player.htm?id=8447274
Lafrance,Adie Lafrance,L,"",13 Jan 1912,"Chapleau, ON, CAN",http://canadiens.nhl.com/club/player.htm?id=8447282
Lafrance,Leo Lafrance,L,"",3 Nov 1902,"Allomette, QC, CAN",http://canadiens.nhl.com/club/player.htm?id=8447283
Lalonde,Newsy Lalonde,C,"",31 Oct 1888,"Cornwall, ON, CAN",http://canadiens.nhl.com/club/player.htm?id=8447289
Lalor,Michael Lalor,D,"",8 Mar 1963,"Buffalo, NY, USA",http://canadiens.nhl.com/club/player.htm?id=8448633
Lamb,Joe Lamb,R,"",18 Jun 1906,"Sussex, NB, CAN",http://canadiens.nhl.com/club/player.htm?id=8447306
Lamb,Mark Lamb,C,"",3 Aug 1964,"Ponteix, SK, CAN",http://canadiens.nhl.com/club/player.htm?id=8448641
Lambert,Yvon Lambert,L,"",20 May 1950,"Drummondville, QC, CAN",http://canadiens.nhl.com/club/player.htm?id=8448644
Lamirande,Jean-paul Lamirande,L,"",21 Aug 1924,"Shawinigan Falls, QC, CAN",http://canadiens.nhl.com/club/player.htm?id=8447308
Lamoureux,Leo Lamoureux,C,"",1 Oct 1916,"Espanola, ON, CAN",http://canadiens.nhl.com/club/player.htm?id=8447309
Landon,Larry Landon,L,"",4 May 1958,"Niagara Falls, ON, CAN",http://canadiens.nhl.com/club/player.htm?id=8448657
Landry,Eric Landry,C,"",20 Jan 1975,"Gati, QC, CAN",http://canadiens.nhl.com/club/player.htm?id=8463019
Lang,Robert Lang,C,"",19 Dec 1970,"Teplice, CZE",http://canadiens.nhl.com/club/player.htm?id=8456966
Langdon,Darren Langdon,L,"",8 Jan 1971,"Deer Lake, NL, CAN",http://canadiens.nhl.com/club/player.htm?id=8459391
Langlois,Albert Langlois,D,"",6 Nov 1934,"Magog, QC, CAN",http://canadiens.nhl.com/club/player.htm?id=8447322
Langlois,Charlie Langlois,R,"",25 Aug 1894,"Lotbiniere, QC, CAN",http://canadiens.nhl.com/club/player.htm?id=8447323
Langway,Rod Langway,D,"",3 May 1957,"Maaq, TWN",http://canadiens.nhl.com/club/player.htm?id=8448651
Laperriere,Jacques Laperriere,D,"",22 Nov 1941,"Rouyn, QC, CAN",http://canadiens.nhl.com/club/player.htm?id=8447325
Lapierre,Maxim Lapierre,C,VAN,29 Mar 1985,"Saint-Léonard, QC, CAN",http://canadiens.nhl.com/club/player.htm?id=8470654
Lapointe,Guy Lapointe,D,"",18 Mar 1948,"Montreal, QC, CAN",http://canadiens.nhl.com/club/player.htm?id=8448694
Laraque,Georges Laraque,R,"",7 Dec 1976,"Montreal, QC, CAN",http://canadiens.nhl.com/club/player.htm?id=8462060
Larochelle,Wildor Larochelle,R,"",23 Sep 1906,"Sorel, QC, CAN",http://canadiens.nhl.com/club/player.htm?id=8447328
Larocque,Michel Larocque,G,"",6 Apr 1952,"Hull, QC, CAN",http://canadiens.nhl.com/club/player.htm?id=8448700
Larose,Claude Larose,R,"",2 Mar 1942,"Hearst, ON, CAN",http://canadiens.nhl.com/club/player.htm?id=8447330
Larouche,Pierre Larouche,C,"",16 Nov 1955,"Taschereau, QC, CAN",http://canadiens.nhl.com/club/player.htm?id=8448707
Latendresse,Guillaume Latendresse,R,MIN,24 May 1987,"Ste-Catherine, QC, CAN",http://canadiens.nhl.com/club/player.htm?id=8471670
Laughlin,Craig Laughlin,R,"",14 Sep 1957,"Toronto, ON, CAN",http://canadiens.nhl.com/club/player.htm?id=8448713
Laviolette,Jack Laviolette,D,"",27 Jul 1879,"Belleville, ON, CAN",http://canadiens.nhl.com/club/player.htm?id=8447348
Laycoe,Hal Laycoe,D,"",23 Jun 1922,"Sutherland, SK, CAN",http://canadiens.nhl.com/club/player.htm?id=8447349
LeClair,Jack LeClair,C,"",30 May 1929,"Quebec City, QC, CAN",http://canadiens.nhl.com/club/player.htm?id=8447361
Leach,Jay Leach,D,NJD,2 Sep 1979,"Syracuse, NY, USA",http://canadiens.nhl.com/club/player.htm?id=8467436
Lebeau,Patrick Lebeau,L,"",17 Mar 1970,"St. Jerome, QC, CAN",http://canadiens.nhl.com/club/player.htm?id=8448775
Lebeau,Stephan Lebeau,C,"",28 Feb 1968,"St-Jerome, QC, CAN",http://canadiens.nhl.com/club/player.htm?id=8448719
Leclair,John Leclair,L,"",5 Jul 1969,"St. Albans, VT, USA",http://canadiens.nhl.com/club/player.htm?id=8448622
Leduc,Albert Leduc,D,"",22 Nov 1902,"Valleyfield, QC, CAN",http://canadiens.nhl.com/club/player.htm?id=8447371
Lee,Bobby Lee,C,"",28 Dec 1911,"Verdun, QC, CAN",http://canadiens.nhl.com/club/player.htm?id=8447372
Leeman,Gary Leeman,R,"",19 Feb 1964,"Toronto, ON, CAN",http://canadiens.nhl.com/club/player.htm?id=8448754
Lefebvre,Sylvain Lefebvre,D,"",14 Oct 1967,"Richmond, QC, CAN",http://canadiens.nhl.com/club/player.htm?id=8448770
Lefley,Charles Lefley,R,"",20 Jan 1950,"Winnipeg, MB, CAN",http://canadiens.nhl.com/club/player.htm?id=8448735
Leger,Roger Leger,D,"",26 Mar 1919,"L'Annonciation, QC, CAN",http://canadiens.nhl.com/club/player.htm?id=8447374
Lemaire,Jacques Lemaire,C,"",7 Sep 1945,"LaSalle, QC, CAN",http://canadiens.nhl.com/club/player.htm?id=8448756
Lemieux,Claude Lemieux,R,"",16 Jul 1965,"Buckingham, QC, CAN",http://canadiens.nhl.com/club/player.htm?id=8448772
Lemieux,Jocelyn Lemieux,R,"",18 Nov 1967,"Mont Laurier, QC, CAN",http://canadiens.nhl.com/club/player.htm?id=8448781
Lepine,Hec Lepine,C,"",7 Dec 1897,"Ste-Anne-de-Bellevue, QC, CAN",http://canadiens.nhl.com/club/player.htm?id=8447465
Lepine,Pit Lepine,C,"",30 Jul 1901,"Ste-Anne-de-Bellevue, QC, CAN",http://canadiens.nhl.com/club/player.htm?id=8447466
Leroux,Gaston Leroux,D,"",9 Jan 1913,"Montreal, QC, CAN",http://canadiens.nhl.com/club/player.htm?id=8447467
Lesieur,Art Lesieur,D,"",13 Sep 1907,"Fall River, MA, USA",http://canadiens.nhl.com/club/player.htm?id=8447468
Lewis,Doug Lewis,L,"",3 Mar 1921,"Winnipeg, MB, CAN",http://canadiens.nhl.com/club/player.htm?id=8447476
Lind,Juha Lind,L,"",2 Jan 1974,"Helsinki, FIN",http://canadiens.nhl.com/club/player.htm?id=8459114
Linden,Trevor Linden,C,"",11 Apr 1970,"Medicine Hat, AB, CAN",http://canadiens.nhl.com/club/player.htm?id=8448825
Lindsay,Bill Lindsay,L,"",17 May 1971,"Fernierk, BC, CAN",http://canadiens.nhl.com/club/player.htm?id=8458617
Ling,David Ling,R,"",9 Jan 1975,"Halifax, NS, CAN",http://canadiens.nhl.com/club/player.htm?id=8459602
Litzenberger,Ed Litzenberger,C,"",15 Jul 1932,"Neudorf, SK, CAN",http://canadiens.nhl.com/club/player.htm?id=8447502
Locas,Jacques Locas,R,"",12 Feb 1926,"Pointe-aux-Trembles, QC, CAN",http://canadiens.nhl.com/club/player.htm?id=8447509
Locke,Corey Locke,C,OTT,8 May 1984,"Toronto, ON, CAN",http://canadiens.nhl.com/club/player.htm?id=8470705
Long,Stan Long,D,"",6 Nov 1929,"Owen Sound, ON, CAN",http://canadiens.nhl.com/club/player.htm?id=8447512
Lorrain,Rod Lorrain,R,"",26 Jul 1914,"Buckingham, QC, CAN",http://canadiens.nhl.com/club/player.htm?id=8447516
Lowe,Ross Lowe,D,"",21 Sep 1928,"Oshawa, ON, CAN",http://canadiens.nhl.com/club/player.htm?id=8447520
Ludwig,Craig Ludwig,D,"",15 Mar 1961,"Rhinelander, WI, USA",http://canadiens.nhl.com/club/player.htm?id=8448845
Lumley,David Lumley,R,"",1 Sep 1954,"Toronto, ON, CAN",http://canadiens.nhl.com/club/player.htm?id=8448901
Lumme,Jyrki Lumme,D,"",16 Jul 1966,"Tampere, FIN",http://canadiens.nhl.com/club/player.htm?id=8448824
Lupien,Gilles Lupien,D,"",20 Apr 1954,"Brownsburg, QC, CAN",http://canadiens.nhl.com/club/player.htm?id=8448905
Lynn,Vic Lynn,L,"",26 Jan 1925,"Saskatoon, SK, CAN",http://canadiens.nhl.com/club/player.htm?id=8447532
Mackay,Calum Mackay,L,"",1 Jan 1927,"Toronto, ON, CAN",http://canadiens.nhl.com/club/player.htm?id=8447544
Mackay,Murdo Mackay,R,"",8 Aug 1917,"Fort William, ON, CAN",http://canadiens.nhl.com/club/player.htm?id=8447546
MacKenzie,Bill MacKenzie,D,"",12 Dec 1911,"Winnipeg, MB, CAN",http://canadiens.nhl.com/club/player.htm?id=8447560
MacNeil,Al MacNeil,D,"",27 Sep 1935,"Sydney, NS, CAN",http://canadiens.nhl.com/club/player.htm?id=8447580
MacPherson,Bud MacPherson,D,"",31 Mar 1927,"Edmonton, AB, CAN",http://canadiens.nhl.com/club/player.htm?id=8447582
Macey,Hub Macey,L,"",13 Apr 1921,"Big River, SK, CAN",http://canadiens.nhl.com/club/player.htm?id=8447539
Mahaffy,John Mahaffy,C,"",18 Jul 1919,"Montreal, QC, CAN",http://canadiens.nhl.com/club/player.htm?id=8447587
Mahovlich,Francis Mahovlich,L,"",10 Jan 1938,"Timmins, ON, CAN",http://canadiens.nhl.com/club/player.htm?id=8449044
Mahovlich,Peter Mahovlich,C,"",10 Oct 1946,"Timmins, ON, CAN",http://canadiens.nhl.com/club/player.htm?id=8449062
Mailley,Frank Mailley,D,"",1 Aug 1916,"Lachine, QC, CAN",http://canadiens.nhl.com/club/player.htm?id=8447588
Majeau,Fern Majeau,C,"",3 May 1916,"Verdun, QC, CAN",http://canadiens.nhl.com/club/player.htm?id=8447590
Malakhov,Vladimir Malakhov,D,"",30 Aug 1968,"Sverdlovskrg, RUS",http://canadiens.nhl.com/club/player.htm?id=8457191
Maley,David Maley,L,"",24 Apr 1963,"Beaver Dam, WI, USA",http://canadiens.nhl.com/club/player.htm?id=8449095
Malone,Cliff Malone,R,"",4 Sep 1925,"Quebec City, QC, CAN",http://canadiens.nhl.com/club/player.htm?id=8447593
Malone,Joe Malone,C,"",28 Feb 1890,"Quebec City, QC, CAN",http://canadiens.nhl.com/club/player.htm?id=8447594
Manastersky,Tom Manastersky,D,"",7 Mar 1929,"Montreal, QC, CAN",http://canadiens.nhl.com/club/player.htm?id=8447597
Mancuso,Gus Mancuso,R,"",11 Apr 1914,"Niagara Falls, ON, CAN",http://canadiens.nhl.com/club/player.htm?id=8447598
Maniago,Cesare Maniago,G,"",13 Jan 1939,"Trail, BC, CAN",http://canadiens.nhl.com/club/player.htm?id=8450020
Manson,Dave Manson,D,"",27 Jan 1967,"Prince Albert, SK, CAN",http://canadiens.nhl.com/club/player.htm?id=8449123
Mantha,Georges Mantha,D,"",29 Nov 1908,"Lachine, QC, CAN",http://canadiens.nhl.com/club/player.htm?id=8447604
Mantha,Sylvio Mantha,D,"",14 Apr 1902,"Montreal, QC, CAN",http://canadiens.nhl.com/club/player.htm?id=8447606
Mara,Paul Mara,D,"",7 Sep 1979,"Ridgewood, NJ, USA",http://canadiens.nhl.com/club/player.htm?id=8466144
Markov,Andrei Markov,D,MTL,20 Dec 1978,"Voskresensk, RUS",http://canadiens.nhl.com/club/player.htm?id=8467496
Marshall,Don Marshall,L,"",23 Mar 1932,"Montreal, QC, CAN",http://canadiens.nhl.com/club/player.htm?id=8447620
Martinson,Steve Martinson,L,"",21 Jun 1957,"Minnetonka, MN, USA",http://canadiens.nhl.com/club/player.htm?id=8449281
Masnick,Paul Masnick,C,"",14 Apr 1931,"Regina, SK, CAN",http://canadiens.nhl.com/club/player.htm?id=8447632
Matte,Joe Matte,D,"",6 Mar 1893,"Bourget, ON, CAN",http://canadiens.nhl.com/club/player.htm?id=8447637
Matz,Johnny Matz,C,"",1 Jun 1891,"Omaha, NE, USA",http://canadiens.nhl.com/club/player.htm?id=8447641
Maxwell,Ben Maxwell,C,ANA,30 Mar 1988,"North Vancouver, BC, CAN",http://canadiens.nhl.com/club/player.htm?id=8473493
Mazur,Eddie Mazur,D,"",25 Jul 1929,"Winnipeg, MB, CAN",http://canadiens.nhl.com/club/player.htm?id=8447645
Mcavoy,George Mcavoy,D,"",21 Jun 1931,"Edmonton, AB, CAN",http://canadiens.nhl.com/club/player.htm?id=8447651
McCaffrey,Bert McCaffrey,R,"",12 Apr 1893,"Chesley, ON, CAN",http://canadiens.nhl.com/club/player.htm?id=8447655
McCartney,Walt McCartney,L,"",26 Apr 1911,"Regina, SK, CAN",http://canadiens.nhl.com/club/player.htm?id=8447691
McCleary,Trent McCleary,C,"",8 Sep 1972,"Swift Current, SK, CAN",http://canadiens.nhl.com/club/player.htm?id=8459230
McCormack,John McCormack,C,"",2 Aug 1925,"Edmonton, AB, CAN",http://canadiens.nhl.com/club/player.htm?id=8447716
McCreary,Bill McCreary,L,"",2 Dec 1934,"Sundridge, ON, CAN",http://canadiens.nhl.com/club/player.htm?id=8447717
McCreary,Keith McCreary,R,"",19 Jun 1940,"Sundridge, ON, CAN",http://canadiens.nhl.com/club/player.htm?id=8447718
McCulley,Bob McCulley,R,"",8 Feb 1914,"Stratford, ON, CAN",http://canadiens.nhl.com/club/player.htm?id=8447739
McDonald,Ab McDonald,L,"",18 Feb 1936,"Winnipeg, MB, CAN",http://canadiens.nhl.com/club/player.htm?id=8447744
Mcdonald,Jack Mcdonald,L,"",28 Feb 1887,"Quebec, QC, CAN",http://canadiens.nhl.com/club/player.htm?id=8447761
McGibbon,Irv McGibbon,R,"",11 Oct 1914,"Antigonish, NS, CAN",http://canadiens.nhl.com/club/player.htm?id=8447772
Mcgill,Jack Mcgill,L,"",3 Nov 1910,"Ottawa, ON, CAN",http://canadiens.nhl.com/club/player.htm?id=8447777
McKay,Hugh McKay,Randy,"",25 Jan 1967,"Montreal, QC, CAN",http://canadiens.nhl.com/club/player.htm?id=8449450
McKinnon,John McKinnon,D,"",15 Jul 1902,"Guysborough, NS, CAN",http://canadiens.nhl.com/club/player.htm?id=8447795
McMahon,Mike McMahon,D,"",1 Feb 1915,"Brockville, ON, CAN",http://canadiens.nhl.com/club/player.htm?id=8447804
Mcnabney,Sid Mcnabney,C,"",15 Jan 1929,"Toronto, ON, CAN",http://canadiens.nhl.com/club/player.htm?id=8447814
McNamara,Howard McNamara,D,"",3 Aug 1893,"Randolph, ON, CAN",http://canadiens.nhl.com/club/player.htm?id=8447815
McNeil,Gerry McNeil,G,"",17 Apr 1926,"Quebec City, QC, CAN",http://canadiens.nhl.com/club/player.htm?id=8450041
McPhee,Michael McPhee,L,"",14 Jul 1960,"Sydney, NS, CAN",http://canadiens.nhl.com/club/player.htm?id=8449495
Meagher,Richard Meagher,C,"",2 Nov 1953,"Belleville, ON, CAN",http://canadiens.nhl.com/club/player.htm?id=8449535
Meger,Paul Meger,L,"",17 Feb 1929,"Watrous, SK, CAN",http://canadiens.nhl.com/club/player.htm?id=8447833
Melanson,Roland Melanson,G,"",28 Jun 1960,"Moncton, NB, CAN",http://canadiens.nhl.com/club/player.htm?id=8449547
Meronek,Bill Meronek,C,"",15 Apr 1917,"Stony Mountain, MB, CAN",http://canadiens.nhl.com/club/player.htm?id=8447847
Metropolit,Glen Metropolit,C,"",25 Jun 1974,"Toronto, ON, CAN",http://canadiens.nhl.com/club/player.htm?id=8462823
Michaud,Olivier Michaud,G,"",14 Sep 1983,"Beloeil, QC, CAN",http://canadiens.nhl.com/club/player.htm?id=8469800
Mickey,Larry Mickey,R,"",21 Oct 1943,"Lacombe, AB, CAN",http://canadiens.nhl.com/club/player.htm?id=8447853
Miller,Bill Miller,C,"",1 Aug 1908,"Campbellton, NB, CAN",http://canadiens.nhl.com/club/player.htm?id=8447864
Milroy,Duncan Milroy,R,"",8 Feb 1983,"Edmonton, AB, CAN",http://canadiens.nhl.com/club/player.htm?id=8469489
Moen,Travis Moen,L,MTL,6 Apr 1982,"Swift Current, SK, CAN",http://canadiens.nhl.com/club/player.htm?id=8468635
Momesso,Sergio Momesso,L,"",4 Sep 1965,"Montreal, QC, CAN",http://canadiens.nhl.com/club/player.htm?id=8449669
Monahan,Garry Monahan,L,"",20 Oct 1946,"Barrie, ON, CAN",http://canadiens.nhl.com/club/player.htm?id=8447883
Mondou,Armand Mondou,L,"",27 Jun 1905,"Yamaska, QC, CAN",http://canadiens.nhl.com/club/player.htm?id=8447884
Mondou,Pierre Mondou,C,"",27 Nov 1955,"Sorel, QC, CAN",http://canadiens.nhl.com/club/player.htm?id=8449676
Montgomery,Jim Montgomery,C,"",30 Jun 1969,"Montreal, QC, CAN",http://canadiens.nhl.com/club/player.htm?id=8459412
Moog,Donald Moog,G,"",18 Feb 1960,"Penticton, BC, CAN",http://canadiens.nhl.com/club/player.htm?id=8449681
Moore,Dickie Moore,L,"",6 Jan 1931,"Montreal, QC, CAN",http://canadiens.nhl.com/club/player.htm?id=8447886
Moore,Dominic Moore,C,TBL,3 Aug 1980,"Thornhill, ON, CAN",http://canadiens.nhl.com/club/player.htm?id=8468575
Moran,Amby Moran,D,"",3 Apr 1895,"Winnipeg, MB, CAN",http://canadiens.nhl.com/club/player.htm?id=8447887
Morenz,Howie Morenz,C,"",21 Jun 1902,"Mitchell, ON, CAN",http://canadiens.nhl.com/club/player.htm?id=8447888
Morin,Pete Morin,L,"",8 Dec 1915,"Lachine, QC, CAN",http://canadiens.nhl.com/club/player.htm?id=8447889
Morissette,Dave Morissette,L,"",24 Dec 1971,"Baie Comeau, QC, CAN",http://canadiens.nhl.com/club/player.htm?id=8458660
Morissette,Jean-guy Morissette,G,"",16 Dec 1937,"Causapscal, QC, CAN",http://canadiens.nhl.com/club/player.htm?id=8450046
Mosdell,Ken Mosdell,C,"",13 Jul 1922,"Montreal, QC, CAN",http://canadiens.nhl.com/club/player.htm?id=8447901
Muller,Kirk Muller,L,"",8 Feb 1966,"Kingston, ON, CAN",http://canadiens.nhl.com/club/player.htm?id=8449740
Mummery,Harry Mummery,D,"",25 Aug 1889,"Chicago, IL, USA",http://canadiens.nhl.com/club/player.htm?id=8447907
Munro,Dunc Munro,D,"",19 Jan 1901,"Moray, GBR",http://canadiens.nhl.com/club/player.htm?id=8447908
Murdoch,Robert Murdoch,D,"",20 Nov 1946,"Kirkland, ON, CAN",http://canadiens.nhl.com/club/player.htm?id=8449736
Murphy,Hal Murphy,G,"",6 Jul 1927,"Montreal, QC, CAN",http://canadiens.nhl.com/club/player.htm?id=8450049
Murray,Chris Murray,R,"",25 Oct 1974,"Port Hardy, BC, CAN",http://canadiens.nhl.com/club/player.htm?id=8460545
Murray,Garth Murray,C,"",17 Sep 1982,"Regina, SK, CAN",http://canadiens.nhl.com/club/player.htm?id=8469528
Murray,Leo Murray,C,"",15 Feb 1906,"Portage La Prairie, MB, CAN",http://canadiens.nhl.com/club/player.htm?id=8447969
Murray,Mickey Murray,G,"",14 Oct 1898,"Peterborough, ON, CAN",http://canadiens.nhl.com/club/player.htm?id=8450050
Myre,Louis Myre,G,"",1 Nov 1948,"St-Anne-De-Bellevue, QC, CAN",http://canadiens.nhl.com/club/player.htm?id=8449784
Napier,Mark Napier,R,"",28 Jan 1957,"Toronto, ON, CAN",http://canadiens.nhl.com/club/player.htm?id=8449795
Nash,Brendon Nash,D,MTL,31 Mar 1987,"Calgary, AB, CAN",http://canadiens.nhl.com/club/player.htm?id=8475641
Naslund,Mats Naslund,L,"",31 Oct 1959,"Kiruna, SWE",http://canadiens.nhl.com/club/player.htm?id=8449796
Nasreddine,Alain Nasreddine,D,"",10 Jul 1975,"Montreal, QC, CAN",http://canadiens.nhl.com/club/player.htm?id=8459558
Nattress,Eric Nattress,D,"",25 May 1962,"Hamilton, ON, CAN",http://canadiens.nhl.com/club/player.htm?id=8449797
Newberry,John Newberry,C,"",8 Apr 1962,"Port Alberni, BC, CAN",http://canadiens.nhl.com/club/player.htm?id=8449871
Newman,Daniel Newman,R,"",26 Jan 1952,"Windsor, ON, CAN",http://canadiens.nhl.com/club/player.htm?id=8449874
Niinimaa,Janne Niinimaa,D,"",22 May 1975,"Raahe, FIN",http://canadiens.nhl.com/club/player.htm?id=8459458
Nilan,Christopher Nilan,R,"",9 Feb 1958,"Boston, MA, USA",http://canadiens.nhl.com/club/player.htm?id=8449883
Nokelainen,Petteri Nokelainen,C,MTL,16 Jan 1986,"Imatra, FIN",http://canadiens.nhl.com/club/player.htm?id=8471229
Nyrop,William Nyrop,D,"",23 Jul 1952,"Washington, DC, USA",http://canadiens.nhl.com/club/player.htm?id=8449933
O'Byrne,Ryan O'Byrne,D,COL,19 Jul 1984,"Victoria, BC, CAN",http://canadiens.nhl.com/club/player.htm?id=8470672
O'Connor,Buddy O'Connor,C,"",21 Jun 1916,"Montreal, QC, CAN",http://canadiens.nhl.com/club/player.htm?id=8448042
O'Neil,Jim O'Neil,C,"",3 Apr 1913,"Semans, SK, CAN",http://canadiens.nhl.com/club/player.htm?id=8448061
Odelein,Lyle Odelein,D,"",21 Jul 1968,"Quill Lake, SK, CAN",http://canadiens.nhl.com/club/player.htm?id=8449957
Odjick,Gino Odjick,L,"",7 Sep 1970,"Maniwaki, QC, CAN",http://canadiens.nhl.com/club/player.htm?id=8449961
Olmstead,Bert Olmstead,L,"",4 Sep 1926,"Sceptre, SK, CAN",http://canadiens.nhl.com/club/player.htm?id=8448057
Orleski,David Orleski,D,"",26 Dec 1959,"Edmonton, AB, CAN",http://canadiens.nhl.com/club/player.htm?id=8450074
Pacioretty,Max Pacioretty,L,MTL,20 Nov 1988,"New Canaan, CT, USA",http://canadiens.nhl.com/club/player.htm?id=8474157
Palangio,Pete Palangio,L,"",10 Sep 1908,"North Bay, ON, CAN",http://canadiens.nhl.com/club/player.htm?id=8448080
Palushaj,Aaron Palushaj,R,MTL,7 Sep 1989,"Livonia, MI, USA",http://canadiens.nhl.com/club/player.htm?id=8474030
Pargeter,George Pargeter,L,"",24 Feb 1923,"Calgary, AB, CAN",http://canadiens.nhl.com/club/player.htm?id=8448086
Paslawski,Gregory Paslawski,R,"",25 Aug 1961,"Kindersley, SK, CAN",http://canadiens.nhl.com/club/player.htm?id=8450200
Patterson,George Patterson,L,"",22 May 1906,"Kingston, ON, CAN",http://canadiens.nhl.com/club/player.htm?id=8448098
Paulhus,Rollie Paulhus,D,"",1 Sep 1902,"Montreal, QC, CAN",http://canadiens.nhl.com/club/player.htm?id=8448101
Payer,Evariste Payer,C,"",12 Dec 1887,"Rockland, ON, CAN",http://canadiens.nhl.com/club/player.htm?id=8448119
Pederson,Mark Pederson,L,"",14 Jan 1968,"Prelate, SK, CAN",http://canadiens.nhl.com/club/player.htm?id=8450269
Penney,Steven Penney,G,"",2 Feb 1961,"Ste-Foy, QC, CAN",http://canadiens.nhl.com/club/player.htm?id=8450311
Pennington,Cliff Pennington,C,"",18 Apr 1940,"Winnipeg, MB, CAN",http://canadiens.nhl.com/club/player.htm?id=8448131
Perezhogin,Alexander Perezhogin,R,"",10 Aug 1983,"Ust-Kamenogorsk, KAZ",http://canadiens.nhl.com/club/player.htm?id=8469478
Perreault,Bob Perreault,G,"",28 Jan 1931,"Trois-Rivieres, QC, CAN",http://canadiens.nhl.com/club/player.htm?id=8450065
Perreault,Yanic Perreault,C,"",4 Apr 1971,"Sherbrooke, QC, CAN",http://canadiens.nhl.com/club/player.htm?id=8458561
Peters,Garry Peters,C,"",9 Oct 1942,"Regina, SK, CAN",http://canadiens.nhl.com/club/player.htm?id=8448135
Peters,Jimmy Peters,R,"",2 Oct 1922,"Montreal, QC, CAN",http://canadiens.nhl.com/club/player.htm?id=8448136
Petrov,Oleg Petrov,R,"",18 Apr 1971,"Moscow, RUS",http://canadiens.nhl.com/club/player.htm?id=8458641
Phillips,Charlie Phillips,D,"",10 May 1917,"Toronto, ON, CAN",http://canadiens.nhl.com/club/player.htm?id=8448145
Picard,Alexandre Picard,D,PIT,5 Jul 1985,"Gatineau, QC, CAN",http://canadiens.nhl.com/club/player.htm?id=8470678
Picard,Noel Picard,D,"",25 Dec 1938,"Montreal, QC, CAN",http://canadiens.nhl.com/club/player.htm?id=8448147
Picard,Robert Picard,D,"",25 May 1957,"Montreal, QC, CAN",http://canadiens.nhl.com/club/player.htm?id=8450359
Pitre,Didier Pitre,R,"",1 Sep 1883,"Valleyfield, QC, CAN",http://canadiens.nhl.com/club/player.htm?id=8448154
Plamondon,Gerry Plamondon,L,"",5 Jan 1925,"Sherbrooke, QC, CAN",http://canadiens.nhl.com/club/player.htm?id=8448158
Plante,Jacques Plante,G,"",17 Jan 1929,"Shawinigan Falls, QC, CAN",http://canadiens.nhl.com/club/player.htm?id=8450066
Plasse,Michel Plasse,G,"",1 Jun 1948,"Montreal, QC, CAN",http://canadiens.nhl.com/club/player.htm?id=8450468
Pleau,Larry Pleau,C,"",29 Jan 1947,"Lynn, MA, USA",http://canadiens.nhl.com/club/player.htm?id=8448160
Plekanec,Tomas Plekanec,C,MTL,31 Oct 1982,"Kladno, CZE",http://canadiens.nhl.com/club/player.htm?id=8469521
Poirier,Gordie Poirier,C,"",27 Oct 1914,"Maple Creek, SK, CAN",http://canadiens.nhl.com/club/player.htm?id=8448171
Polich,Michael Polich,C,"",19 Dec 1952,"Hibbing, MN, USA",http://canadiens.nhl.com/club/player.htm?id=8450491
Popovic,Peter Popovic,D,"",10 Feb 1968,"Koping, SWE",http://canadiens.nhl.com/club/player.htm?id=8457706
Portland,Jack Portland,D,"",30 Jul 1912,"Waubaushene, ON, CAN",http://canadiens.nhl.com/club/player.htm?id=8448179
Poulin,Patrick Poulin,L,"",23 Apr 1973,"Vanier, QC, CAN",http://canadiens.nhl.com/club/player.htm?id=8458523
Pouliot,Benoit Pouliot,L,BOS,29 Sep 1986,"Alfred, ON, CAN",http://canadiens.nhl.com/club/player.htm?id=8471678
Price,Carey Price,G,MTL,16 Aug 1987,"Anahim Lake, BC, CAN",http://canadiens.nhl.com/club/player.htm?id=8471679
Price,Noel Price,D,"",9 Dec 1935,"Brockville, ON, CAN",http://canadiens.nhl.com/club/player.htm?id=8448194
Pronovost,Andre Pronovost,L,"",9 Jul 1936,"Shawinigan Falls, QC, CAN",http://canadiens.nhl.com/club/player.htm?id=8448213
Pronovost,Claude Pronovost,G,"",22 Jul 1935,"Shawinigan Falls, QC, CAN",http://canadiens.nhl.com/club/player.htm?id=8450068
Proulx,Christian Proulx,D,"",10 Dec 1973,"Coaticook, QC, CAN",http://canadiens.nhl.com/club/player.htm?id=8459100
Provost,Claude Provost,R,"",17 Sep 1933,"Montreal, QC, CAN",http://canadiens.nhl.com/club/player.htm?id=8448215
Pusie,Jean Pusie,D,"",15 Oct 1910,"Montreal, QC, CAN",http://canadiens.nhl.com/club/player.htm?id=8448233
Pyatt,Tom Pyatt,C,TBL,14 Feb 1987,"Thunder Bay, ON, CAN",http://canadiens.nhl.com/club/player.htm?id=8471768
Quilty,John Quilty,C,"",21 Jan 1921,"Ottawa, ON, CAN",http://canadiens.nhl.com/club/player.htm?id=8448239
Quintal,Stephane Quintal,D,"",22 Oct 1968,"Boucherville, QC, CAN",http://canadiens.nhl.com/club/player.htm?id=8450620
Racicot,Andre Racicot,G,"",9 Jun 1969,"Rouyn-Noranda, QC, CAN",http://canadiens.nhl.com/club/player.htm?id=8450657
Racine,Yves Racine,D,"",7 Feb 1969,"Matane, QC, CAN",http://canadiens.nhl.com/club/player.htm?id=8450658
Ramage,George Ramage,D,"",11 Jan 1959,"Byron, ON, CAN",http://canadiens.nhl.com/club/player.htm?id=8450642
Raymond,Armand Raymond,D,"",12 Jan 1913,"Mechanicsville, NY, USA",http://canadiens.nhl.com/club/player.htm?id=8448250
Raymond,Paul Raymond,R,"",27 Feb 1913,"Montreal, QC, CAN",http://canadiens.nhl.com/club/player.htm?id=8448251
Reardon,Ken Reardon,D,"",1 Apr 1921,"Winnipeg, MB, CAN",http://canadiens.nhl.com/club/player.htm?id=8448257
Reardon,Terry Reardon,C,"",6 Apr 1919,"Winnipeg, MB, CAN",http://canadiens.nhl.com/club/player.htm?id=8448258
Reaume,Marc Reaume,D,"",7 Feb 1934,"La Salle, ON, CAN",http://canadiens.nhl.com/club/player.htm?id=8448259
Reay,Billy Reay,C,"",21 Aug 1918,"Winnipeg, MB, CAN",http://canadiens.nhl.com/club/player.htm?id=8448262
Recchi,Mark Recchi,R,"",1 Feb 1968,"Kamloops, BC, CAN",http://canadiens.nhl.com/club/player.htm?id=8450725
Redmond,Michael Redmond,R,"",27 Dec 1947,"Kirkland Lake, ON, CAN",http://canadiens.nhl.com/club/player.htm?id=8450736
Rheaume,Herb Rheaume,G,"",12 Jan 1900,"Mason, QC, CAN",http://canadiens.nhl.com/club/player.htm?id=8450099
Ribeiro,Mike Ribeiro,C,DAL,10 Feb 1980,"Montreal, QC, CAN",http://canadiens.nhl.com/club/player.htm?id=8467371
Richard,Henri Richard,C,"",29 Feb 1936,"Montreal, QC, CAN",http://canadiens.nhl.com/club/player.htm?id=8448320
Richard,Maurice Richard,R,"",4 Aug 1921,"Montreal, QC, CAN",http://canadiens.nhl.com/club/player.htm?id=8448321
Richer,Stephane Richer,R,"",7 Jun 1966,"Ripon, QC, CAN",http://canadiens.nhl.com/club/player.htm?id=8450825
Richter,Barry Richter,D,"",11 Sep 1970,"Madison, WI, USA",http://canadiens.nhl.com/club/player.htm?id=8457805
Riendeau,Vincent Riendeau,G,"",20 Apr 1966,"St. Hyacinthe, QC, CAN",http://canadiens.nhl.com/club/player.htm?id=8450834
Riley,Jack Riley,C,"",29 Dec 1910,"Berckenla, IRL",http://canadiens.nhl.com/club/player.htm?id=8448331
Riopelle,Rip Riopelle,L,"",30 Jan 1922,"Ottawa, ON, CAN",http://canadiens.nhl.com/club/player.htm?id=8448333
Risebrough,Douglas Risebrough,C,"",29 Jan 1954,"Guelph, ON, CAN",http://canadiens.nhl.com/club/player.htm?id=8450845
Ritchie,Dave Ritchie,D,"",12 Jan 1892,"Montreal, QC, CAN",http://canadiens.nhl.com/club/player.htm?id=8448336
Rivers,Gus Rivers,R,"",19 Nov 1909,"Winnipeg, MB, CAN",http://canadiens.nhl.com/club/player.htm?id=8448346
Rivet,Craig Rivet,D,"",13 Sep 1974,"North Bay, ON, CAN",http://canadiens.nhl.com/club/player.htm?id=8459004
Roberge,Mario Roberge,L,"",25 Jan 1964,"Quebec City, QC, CAN",http://canadiens.nhl.com/club/player.htm?id=8450890
Robert,Claude Robert,L,"",10 Aug 1928,"Montreal, QC, CAN",http://canadiens.nhl.com/club/player.htm?id=8448350
Roberto,Phil Roberto,R,"",1 Jan 1949,"Niagara Falls, ON, CAN",http://canadiens.nhl.com/club/player.htm?id=8448353
Roberts,Jimmy Roberts,D,"",9 Apr 1940,"Toronto, ON, CAN",http://canadiens.nhl.com/club/player.htm?id=8448356
Robertson,George Robertson,L,"",11 May 1928,"Winnipeg, MB, CAN",http://canadiens.nhl.com/club/player.htm?id=8448358
Robidas,Stephane Robidas,D,DAL,3 Mar 1977,"Sherbrooke, QC, CAN",http://canadiens.nhl.com/club/player.htm?id=8462196
Robinson,Earl Robinson,R,"",11 Mar 1907,"Montreal, QC, CAN",http://canadiens.nhl.com/club/player.htm?id=8448372
Robinson,Larry Robinson,D,"",2 Jun 1951,"Winchester, ON, CAN",http://canadiens.nhl.com/club/player.htm?id=8450936
Robinson,Morris Robinson,D,"",29 May 1957,"Winchester, ON, CAN",http://canadiens.nhl.com/club/player.htm?id=8450938
Roche,Des Roche,R,"",1 Feb 1909,"Kemptville, ON, CAN",http://canadiens.nhl.com/club/player.htm?id=8448421
Roche,Ernie Roche,D,"",4 Feb 1930,"Montreal, QC, CAN",http://canadiens.nhl.com/club/player.htm?id=8448386
Rochefort,Leon Rochefort,R,"",4 May 1939,"Cap-de-la-Madeleine, QC, CAN",http://canadiens.nhl.com/club/player.htm?id=8448427
Ronan,Edward Ronan,R,"",21 Mar 1968,"Quincy, MA, USA",http://canadiens.nhl.com/club/player.htm?id=8457849
Ronty,Paul Ronty,C,"",12 Jun 1928,"Toronto, ON, CAN",http://canadiens.nhl.com/club/player.htm?id=8448446
Rooney,Steve Rooney,C,"",28 Jun 1962,"Canton, MA, USA",http://canadiens.nhl.com/club/player.htm?id=8451008
Root,William Root,D,"",6 Sep 1959,"Toronto, ON, CAN",http://canadiens.nhl.com/club/player.htm?id=8451010
Rossignol,Roly Rossignol,R,"",18 Oct 1921,"Edmundston, NB, CAN",http://canadiens.nhl.com/club/player.htm?id=8448459
Rota,Randy Rota,C,"",16 Aug 1950,"Creston, BC, CAN",http://canadiens.nhl.com/club/player.htm?id=8448460
Rousseau,Bobby Rousseau,R,"",26 Jul 1940,"Montreal, QC, CAN",http://canadiens.nhl.com/club/player.htm?id=8448464
Rousseau,Guy Rousseau,L,"",21 Dec 1934,"Montreal, QC, CAN",http://canadiens.nhl.com/club/player.htm?id=8448582
Rousseau,Roland Rousseau,D,"",1 Dec 1929,"Montreal, QC, CAN",http://canadiens.nhl.com/club/player.htm?id=8448583
Roy,Patrick Roy,G,"",5 Oct 1965,"Quebec, QC, CAN",http://canadiens.nhl.com/club/player.htm?id=8451033
Rucinsky,Martin Rucinsky,L,"",11 Mar 1971,"Most, CZE",http://canadiens.nhl.com/club/player.htm?id=8458534
Rundqvist,Per Rundqvist,C,"",4 May 1960,"Vimmerby, SWE",http://canadiens.nhl.com/club/player.htm?id=8451058
Runge,Paul Runge,C,"",10 Sep 1908,"Edmonton, AB, CAN",http://canadiens.nhl.com/club/player.htm?id=8448605
Ryan,Terry Ryan,L,"",14 Jan 1977,"St. Johns, NL, CAN",http://canadiens.nhl.com/club/player.htm?id=8462039
Ryder,Michael Ryder,R,DAL,31 Mar 1980,"Bonavista, NL, CAN",http://canadiens.nhl.com/club/player.htm?id=8467545
Samsonov,Sergei Samsonov,L,"",27 Oct 1978,"Moscow, RUS",http://canadiens.nhl.com/club/player.htm?id=8466035
Sandelin,Scott Sandelin,D,"",8 Aug 1964,"Hibbing, MN, USA",http://canadiens.nhl.com/club/player.htm?id=8451116
Sands,Charlie Sands,C,"",23 Mar 1911,"Fort William, ON, CAN",http://canadiens.nhl.com/club/player.htm?id=8448784
Sarault,Yves Sarault,L,"",23 Dec 1972,"Valleyfield, QC, CAN",http://canadiens.nhl.com/club/player.htm?id=8458575
Sather,Glen Sather,L,"",2 Sep 1943,"High River, AB, CAN",http://canadiens.nhl.com/club/player.htm?id=8448788
Savage,Brian Savage,L,"",24 Feb 1971,"Sudbury, ON, CAN",http://canadiens.nhl.com/club/player.htm?id=8458682
Savage,Tony Savage,D,"",18 Jul 1906,"Calgary, AB, CAN",http://canadiens.nhl.com/club/player.htm?id=8448790
Savard,Denis Savard,C,"",4 Feb 1961,"Pointe Gatineau, QC, CAN",http://canadiens.nhl.com/club/player.htm?id=8451146
Savard,Serge Savard,D,"",22 Jan 1946,"Montreal, QC, CAN",http://canadiens.nhl.com/club/player.htm?id=8451150
Schneider,Mathieu Schneider,D,"",12 Jun 1969,"New York City, NY, USA",http://canadiens.nhl.com/club/player.htm?id=8451224
Schofield,Dwight Schofield,D,"",25 Mar 1956,"Waltham, MA, USA",http://canadiens.nhl.com/club/player.htm?id=8451239
Schutt,Rodney Schutt,L,"",13 Oct 1956,"Bancroft, ON, CAN",http://canadiens.nhl.com/club/player.htm?id=8451246
Sevigny,Pierre Sevigny,L,"",8 Sep 1971,"Trois-Rivieres, QC, CAN",http://canadiens.nhl.com/club/player.htm?id=8457991
Sevigny,Richard Sevigny,G,"",11 Apr 1957,"Montreal, QC, CAN",http://canadiens.nhl.com/club/player.htm?id=8451308
Shanahan,Sean Shanahan,C,"",8 Feb 1951,"Toronto, ON, CAN",http://canadiens.nhl.com/club/player.htm?id=8448999
Shannon,Darryl Shannon,D,"",21 Jun 1968,"Barrie, ON, CAN",http://canadiens.nhl.com/club/player.htm?id=8451333
Sheehan,Bobby Sheehan,C,"",11 Jan 1949,"Weymouth, MA, USA",http://canadiens.nhl.com/club/player.htm?id=8449004
Shutt,Stephen Shutt,L,"",1 Jul 1952,"Toronto, ON, CAN",http://canadiens.nhl.com/club/player.htm?id=8451354
Siebert,Babe Siebert,L,"",14 Jan 1904,"Plattsville, ON, CAN",http://canadiens.nhl.com/club/player.htm?id=8449038
Simpson,Reid Simpson,L,"",21 May 1969,"Flin Flon, MB, CAN",http://canadiens.nhl.com/club/player.htm?id=8458036
Simpson,Todd Simpson,D,"",28 May 1973,"North Vancouver, BC, CAN",http://canadiens.nhl.com/club/player.htm?id=8460782
Singbush,Alex Singbush,D,"",31 Jan 1914,"Winnipeg, MB, CAN",http://canadiens.nhl.com/club/player.htm?id=8449047
Skov,Glen Skov,C,"",26 Jan 1931,"Wheatley, ON, CAN",http://canadiens.nhl.com/club/player.htm?id=8449050
Skrudland,Brian Skrudland,C,"",31 Jul 1963,"Peace River, AB, CAN",http://canadiens.nhl.com/club/player.htm?id=8451427
Smart,Alex Smart,L,"",29 May 1918,"Brandon, MB, CAN",http://canadiens.nhl.com/club/player.htm?id=8449056
Smith,Bobby Smith,C,"",12 Feb 1958,"North Sidney, NS, CAN",http://canadiens.nhl.com/club/player.htm?id=8451476
Smith,Des Smith,D,"",22 Feb 1914,"Ottawa, ON, CAN",http://canadiens.nhl.com/club/player.htm?id=8449071
Smith,Don Smith,L,"",3 Jun 1888,"Cornwall, ON, CAN",http://canadiens.nhl.com/club/player.htm?id=8449072
Smith,Stu Smith,L,"",25 Sep 1918,"Basswood, MB, CAN",http://canadiens.nhl.com/club/player.htm?id=8449086
Smolinski,Bryan Smolinski,C,"",27 Dec 1971,"Toledo, OH, USA",http://canadiens.nhl.com/club/player.htm?id=8458069
Smrke,Stan Smrke,L,"",2 Sep 1928,"Belgrade, SRB",http://canadiens.nhl.com/club/player.htm?id=8449089
Soetaert,Douglas Soetaert,G,"",21 Apr 1955,"Edmonton, AB, CAN",http://canadiens.nhl.com/club/player.htm?id=8451595
Sopel,Brent Sopel,D,"",7 Jan 1977,"Calgary, AB, CAN",http://canadiens.nhl.com/club/player.htm?id=8462176
Souray,Sheldon Souray,D,DAL,13 Jul 1976,"Elk Point, AB, CAN",http://canadiens.nhl.com/club/player.htm?id=8460561
Spacek,Jaroslav Spacek,D,MTL,11 Feb 1974,"Rokycany, CZE",http://canadiens.nhl.com/club/player.htm?id=8467439
St-Denis,Frédéric St-Denis,D,MTL,23 Jan 1986,"Greenfield Park, QC, CAN",http://canadiens.nhl.com/club/player.htm?id=8473647
St. Laurent,Dollard St. Laurent,D,"",12 May 1929,"Verdun, QC, CAN",http://canadiens.nhl.com/club/player.htm?id=8449142
Stahan,Butch Stahan,D,"",29 Oct 1918,"Minnedosa, MB, CAN",http://canadiens.nhl.com/club/player.htm?id=8449146
Starr,Harold Starr,D,"",6 Jul 1906,"Ottawa, ON, CAN",http://canadiens.nhl.com/club/player.htm?id=8449160
Stevens,Phil Stevens,C,"",15 Feb 1893,"St. Lambert, ON, CAN",http://canadiens.nhl.com/club/player.htm?id=8449181
Stevenson,Turner Stevenson,R,"",18 May 1972,"Prince George, BC, CAN",http://canadiens.nhl.com/club/player.htm?id=8458125
Stewart,Gaye Stewart,L,"",23 Jun 1923,"Fort William, ON, CAN",http://canadiens.nhl.com/club/player.htm?id=8449183
Stewart,Gregory Stewart,L,"",21 May 1986,"Kitchener, ON, CAN",http://canadiens.nhl.com/club/player.htm?id=8471457
Stock,Philip (P.J.) Stock,C,"",26 May 1975,"Montreal, QC, CAN",http://canadiens.nhl.com/club/player.htm?id=8465960
Streit,Mark Streit,D,NYI,11 Dec 1977,"Bern, CHE",http://canadiens.nhl.com/club/player.htm?id=8468309
Subban,P.K. Subban,D,MTL,13 May 1989,"Toronto, ON, CAN",http://canadiens.nhl.com/club/player.htm?id=8474056
Summerhill,Bill Summerhill,R,"",9 Jul 1915,"Toronto, ON, CAN",http://canadiens.nhl.com/club/player.htm?id=8449204
Sundstrom,Niklas Sundstrom,R,"",6 Jun 1975,"Ornskoldsvik, SWE",http://canadiens.nhl.com/club/player.htm?id=8459430
Sutherland,Bill Sutherland,C,"",10 Nov 1934,"Regina, SK, CAN",http://canadiens.nhl.com/club/player.htm?id=8449207
Svoboda,Petr Svoboda,D,"",14 Feb 1966,"Most, CZE",http://canadiens.nhl.com/club/player.htm?id=8451789
Talbot,Jean-guy Talbot,D,"",11 Jul 1932,"Cap-de-la-Madeleine, QC, CAN",http://canadiens.nhl.com/club/player.htm?id=8449214
Tanguay,Alex Tanguay,L,CGY,21 Nov 1979,"Ste-Justine, QC, CAN",http://canadiens.nhl.com/club/player.htm?id=8467338
Tardif,Marc Tardif,L,"",12 Jun 1949,"Granby, QC, CAN",http://canadiens.nhl.com/club/player.htm?id=8451856
Teal,Jeffrey Teal,C,"",30 May 1960,"Rochester, MN, USA",http://canadiens.nhl.com/club/player.htm?id=8451874
Tessier,Orval Tessier,C,"",30 Jun 1933,"Cornwall, ON, CAN",http://canadiens.nhl.com/club/player.htm?id=8449223
Theodore,Jose Theodore,G,FLA,13 Sep 1976,"Laval, QC, CAN",http://canadiens.nhl.com/club/player.htm?id=8460535
Thibaudeau,Gilles Thibaudeau,C,"",4 Mar 1963,"Montreal, QC, CAN",http://canadiens.nhl.com/club/player.htm?id=8451915
Thibault,Jocelyn Thibault,G,"",12 Jan 1975,"Montreal, QC, CAN",http://canadiens.nhl.com/club/player.htm?id=8459432
Thibeault,Lorrain Thibeault,L,"",2 Oct 1918,"Charletone, ON, CAN",http://canadiens.nhl.com/club/player.htm?id=8449226
Thomas,Robert Thomas,G,"",9 Oct 1947,"Ottawa, ON, CAN",http://canadiens.nhl.com/club/player.htm?id=8451891
Thomson,Rhys Thomson,D,"",9 Aug 1918,"Toronto, ON, CAN",http://canadiens.nhl.com/club/player.htm?id=8449237
Thornton,Scott Thornton,L,"",9 Jan 1971,"London, ON, CAN",http://canadiens.nhl.com/club/player.htm?id=8451972
Trader,Larry Trader,D,"",7 Jul 1963,"Barry's Bay, ON, CAN",http://canadiens.nhl.com/club/player.htm?id=8451938
Traverse,Patrick Traverse,D,"",14 Mar 1974,"Montreal, QC, CAN",http://canadiens.nhl.com/club/player.htm?id=8458986
Tremblay,Gilles Tremblay,L,"",17 Dec 1938,"Montmorency, QC, CAN",http://canadiens.nhl.com/club/player.htm?id=8449256
Tremblay,Jean Tremblay,D,"",22 Jan 1939,"Port Alfred, QC, CAN",http://canadiens.nhl.com/club/player.htm?id=8451960
Tremblay,Marcel Tremblay,R,"",4 Jul 1915,"St. Boniface, MB, CAN",http://canadiens.nhl.com/club/player.htm?id=8449262
Tremblay,Mario Tremblay,R,"",2 Sep 1956,"Alma, QC, CAN",http://canadiens.nhl.com/club/player.htm?id=8451959
Tremblay,Nils Tremblay,C,"",26 Jul 1923,"Matane, QC, CAN",http://canadiens.nhl.com/club/player.htm?id=8449263
Trotter,Brock Trotter,L,PHX,16 Jan 1987,"Brandon, MB, CAN",http://canadiens.nhl.com/club/player.htm?id=8474436
Trudel,Lou Trudel,L,"",21 Jul 1912,"Salem, MA, USA",http://canadiens.nhl.com/club/player.htm?id=8449266
Tucker,Darcy Tucker,R,"",15 Mar 1975,"Castor, AB, CAN",http://canadiens.nhl.com/club/player.htm?id=8459574
Tudin,Connie Tudin,C,"",21 Sep 1917,"Ottawa, ON, CAN",http://canadiens.nhl.com/club/player.htm?id=8449268
Tugnutt,Ron Tugnutt,G,"",22 Oct 1967,"Scarborough, ON, CAN",http://canadiens.nhl.com/club/player.htm?id=8451837
Turcotte,Alfie Turcotte,C,"",5 Jan 1965,"Gary, IN, USA",http://canadiens.nhl.com/club/player.htm?id=8451981
Turgeon,Pierre Turgeon,C,"",28 Aug 1969,"Rouyn, QC, CAN",http://canadiens.nhl.com/club/player.htm?id=8451991
Turgeon,Sylvain Turgeon,L,"",17 Jan 1965,"Noranda, QC, CAN",http://canadiens.nhl.com/club/player.htm?id=8451988
Turnbull,Perry Turnbull,C,"",9 Mar 1959,"Bentley, AB, CAN",http://canadiens.nhl.com/club/player.htm?id=8451992
Turner,Bob Turner,D,"",31 Jan 1934,"Regina, SK, CAN",http://canadiens.nhl.com/club/player.htm?id=8449270
Ulanov,Igor Ulanov,D,"",1 Oct 1969,"Krasnokamsk, RUS",http://canadiens.nhl.com/club/player.htm?id=8458715
Vachon,Rogatien Vachon,G,"",8 Sep 1945,"Palmarolle, QC, CAN",http://canadiens.nhl.com/club/player.htm?id=8452122
Vadnais,Carol Vadnais,D,"",25 Sep 1945,"Montreal, QC, CAN",http://canadiens.nhl.com/club/player.htm?id=8452140
Vallis,Lindsay Vallis,R,"",12 Jan 1971,"Winnipeg, MB, CAN",http://canadiens.nhl.com/club/player.htm?id=8458287
Van Allen,Shaun Van Allen,C,"",29 Aug 1967,"Calgary, AB, CAN",http://canadiens.nhl.com/club/player.htm?id=8452147
Van Boxmeer,John Van Boxmeer,D,"",20 Nov 1952,"Petrolia, ON, CAN",http://canadiens.nhl.com/club/player.htm?id=8452156
Vezina,Georges Vezina,G,"",21 Jan 1887,"Chicoutimi, QC, CAN",http://canadiens.nhl.com/club/player.htm?id=8450137
Vokoun,Tomas Vokoun,G,WSH,2 Jul 1976,"Karlovy Vary, CZE",http://canadiens.nhl.com/club/player.htm?id=8460712
Vujtek,Vladimir Vujtek,L,"",17 Feb 1972,"Ostrava, CZE",http://canadiens.nhl.com/club/player.htm?id=8458587
Vukota,Mick Vukota,R,"",14 Sep 1966,"Saskatoon, SK, CAN",http://canadiens.nhl.com/club/player.htm?id=8452240
Wakely,Ernest Wakely,G,"",27 Nov 1940,"Flin Flon, MB, CAN",http://canadiens.nhl.com/club/player.htm?id=8452247
Walter,Ryan Walter,C,"",23 Apr 1958,"New Westminster, BC, CAN",http://canadiens.nhl.com/club/player.htm?id=8452281
Walton,Bobby Walton,C,"",5 Aug 1912,"Ottawa, ON, CAN",http://canadiens.nhl.com/club/player.htm?id=8449335
Wamsley,Richard Wamsley,G,"",25 May 1959,"Simco, ON, CAN",http://canadiens.nhl.com/club/player.htm?id=8452287
Ward,Jason Ward,R,"",16 Jan 1979,"Chapleau, ON, CAN",http://canadiens.nhl.com/club/player.htm?id=8466147
Ward,Jimmy Ward,R,"",1 Sep 1906,"Fort William, ON, CAN",http://canadiens.nhl.com/club/player.htm?id=8449341
Warwick,Grant Warwick,R,"",11 Oct 1921,"Regina, SK, CAN",http://canadiens.nhl.com/club/player.htm?id=8449363
Wasnie,Nick Wasnie,R,"",1 Jan 1904,"Winnipeg, MB, CAN",http://canadiens.nhl.com/club/player.htm?id=8449366
Watson,Bryan Watson,D,"",14 Nov 1942,"Bancroft, ON, CAN",http://canadiens.nhl.com/club/player.htm?id=8449367
Watson,Phil Watson,R,"",24 Apr 1914,"Montreal, QC, CAN",http://canadiens.nhl.com/club/player.htm?id=8449372
Weber,Yannick Weber,D,MTL,23 Sep 1988,"Morges, CHE",http://canadiens.nhl.com/club/player.htm?id=8474134
Weinrich,Eric Weinrich,D,"",19 Dec 1966,"Roanoke, VA, USA",http://canadiens.nhl.com/club/player.htm?id=8452353
Wentworth,Cy Wentworth,D,"",24 Jan 1905,"Grimsby, ON, CAN",http://canadiens.nhl.com/club/player.htm?id=8449383
White,Moe White,L,"",28 Jul 1919,"Verdun, QC, CAN",http://canadiens.nhl.com/club/player.htm?id=8449390
White,Ryan White,C,MTL,17 Mar 1988,"Brandon, MB, CAN",http://canadiens.nhl.com/club/player.htm?id=8473466
Wickenheiser,Douglas Wickenheiser,C,"",30 Mar 1961,"Regina, SK, CAN",http://canadiens.nhl.com/club/player.htm?id=8452445
Wilkie,David Wilkie,D,"",30 May 1974,"Ellensburg, WA, USA",http://canadiens.nhl.com/club/player.htm?id=8458956
Willson,Don Willson,C,"",1 Jan 1914,"Chatham, ON, CAN",http://canadiens.nhl.com/club/player.htm?id=8449543
Wilson,Cully Wilson,R,"",5 Jun 1892,"Winnipeg, MB, CAN",http://canadiens.nhl.com/club/player.htm?id=8449551
Wilson,Jerry Wilson,C,"",10 Apr 1937,"Edmonton, AB, CAN",http://canadiens.nhl.com/club/player.htm?id=8449554
Wilson,Murray Wilson,L,"",7 Nov 1951,"Toronto, ON, CAN",http://canadiens.nhl.com/club/player.htm?id=8452488
Wilson,Richard Wilson,G,"",10 Aug 1950,"Toronto, ON, CAN",http://canadiens.nhl.com/club/player.htm?id=8452477
Wilson,Ronald Wilson,C,"",13 May 1956,"Toronto, ON, CAN",http://canadiens.nhl.com/club/player.htm?id=8452495
Wisniewski,James Wisniewski,D,CBJ,21 Feb 1984,"Canton, MI, USA",http://canadiens.nhl.com/club/player.htm?id=8470222
Witehall,Johan Witehall,L,"",7 Jan 1972,"Goteborg, SWE",http://canadiens.nhl.com/club/player.htm?id=8467534
Worsley,Gump Worsley,G,"",14 May 1929,"Montreal, QC, CAN",http://canadiens.nhl.com/club/player.htm?id=8450152
Worters,Roy Worters,G,"",19 Oct 1900,"Toronto, ON, CAN",http://canadiens.nhl.com/club/player.htm?id=8450153
Wyman,James Wyman,R,TBL,27 Feb 1986,"Edina, MN, USA",http://canadiens.nhl.com/club/player.htm?id=8471312
Young,Doug Young,D,"",1 Oct 1908,"Medicine Hat, AB, CAN",http://canadiens.nhl.com/club/player.htm?id=8449666
Zalapski,Zarley Zalapski,D,"",22 Apr 1968,"Edmonton, AB, CAN",http://canadiens.nhl.com/club/player.htm?id=8452584
Zednik,Richard Zednik,R,"",6 Jan 1976,"Bystrica, SVK",http://canadiens.nhl.com/club/player.htm?id=8460735
Zholtok,Sergei Zholtok,C,"",2 Dec 1972,"Riga, LVA",http://canadiens.nhl.com/club/player.htm?id=8458991
Zubrus,Dainius Zubrus,R,NJD,16 Jun 1978,"Elektrenai, LTU",http://canadiens.nhl.com/club/player.htm?id=8464977
