Abel,Clarence Abel,NY Rangers,1928
Abel,Clarence Abel,Chicago,1934
Abel,Sid Abel,Detroit,1943
Abel,Sid Abel,Detroit,1950
Abel,Sid Abel,Detroit,1952
Acer,Douglas Acer,Mtl. Victorias,1899
Acton,Keith Acton,Edmonton,1988
Adams,Craig Adams,Carolina,2006
Adams,Jack Adams,Toronto,1918
Adams,Jack Adams,Ottawa,1927
Adams,John Adams,Boston,1970
Adams,Kevyn Adams,Carolina,2006
Aebischer,David Aebischer,Colorado,2001
Afanasenkov,Dimitry Afanasenkov,Tampa Bay,2004
Aitkenhead,Andy Aitkenhead,NY Rangers,1933
Albelin,Tommy Albelin,New Jersey,1995
Albelin,Tommy Albelin,New Jersey,2003
Allen,Bones Allen,Ottawa,1905
Allen,Keith Allen,Detroit,1954
Anderson,Doug Anderson,Montreal,1953
Anderson,Glenn Anderson,Edmonton,1984
Anderson,Glenn Anderson,Edmonton,1985
Anderson,Glenn Anderson,Edmonton,1987
Anderson,Glenn Anderson,Edmonton,1988
Anderson,Glenn Anderson,Edmonton,1990
Anderson,Glenn Anderson,NY Rangers,1994
Anderson,Jocko Anderson,Victoria,1925
Andrews,Lloyd Andrews,Toronto,1922
Andreychuk,Dave Andreychuk,Tampa Bay,2004
Apps,Syl Apps,Toronto,1942
Apps,Syl Apps,Toronto,1947
Apps,Syl Apps,Toronto,1948
Arbour,Al Arbour,Detroit,1954
Arbour,Al Arbour,Chicago,1961
Arbour,Al Arbour,Toronto,1962
Arbour,Al Arbour,Toronto,1964
Arbour,Amos Arbour,Montreal,1916
Armitage,Jack Armitage,Wpg. Victorias,1896
Armstrong,George Armstrong,Toronto,1962
Armstrong,George Armstrong,Toronto,1963
Armstrong,George Armstrong,Toronto,1964
Armstrong,George Armstrong,Toronto,1967
Arnold,Josh Arnold,Mtl. Wanderers,1906
Arnott,Jason Arnott,New Jersey,2000
Ashbee,Barry Ashbee,Philadelphia,1974
Asmundson,Oscar Asmundson,NY Rangers,1933
Aurie,Larry Aurie,Detroit,1936
Aurie,Larry Aurie,Detroit,1937
Awrey,Don Awrey,Boston,1970
Awrey,Don Awrey,Boston,1972
Babando,Pete Babando,Detroit,1950
Babchuk,Anton Babchuk,Carolina,2006
Backor,Pete Backor,Toronto,1945
Backstrom,Ralph Backstrom,Montreal,1959
Backstrom,Ralph Backstrom,Montreal,1960
Backstrom,Ralph Backstrom,Montreal,1965
Backstrom,Ralph Backstrom,Montreal,1966
Backstrom,Ralph Backstrom,Montreal,1968
Backstrom,Ralph Backstrom,Montreal,1969
Bailey,Ace Bailey,Toronto,1932
Bailey,Garnet Bailey,Boston,1970
Bailey,Garnet Bailey,Boston,1972
Bain,Dan Bain,Wpg. Victorias,1896
Bain,Dan Bain,Wpg. Victorias,1901
Bain,Dan Bain,Wpg. Victorias,1902
Balfour,Earl Balfour,Chicago,1961
Balfour,Murray Balfour,Chicago,1961
Balon,Dave Balon,Montreal,1965
Balon,Dave Balon,Montreal,1966
Barber,Bill Barber,Philadelphia,1974
Barber,Bill Barber,Philadelphia,1975
Barilko,Bill Barilko,Toronto,1947
Barilko,Bill Barilko,Toronto,1948
Barilko,Bill Barilko,Toronto,1949
Barilko,Bill Barilko,Toronto,1951
Barlow,Billy Barlow,Mtl. AAA,1893
Barlow,Billy Barlow,Mtl. AAA,1894
Barrasso,Tom Barrasso,Pittsburgh,1991
Barrasso,Tom Barrasso,Pittsburgh,1992
Barry,Marty Barry,Detroit,1936
Barry,Marty Barry,Detroit,1937
Bathgate,Andy Bathgate,Toronto,1964
Bauer,Bobby Bauer,Boston,1939
Bauer,Bobby Bauer,Boston,1941
Baun,Bob Baun,Toronto,1962
Baun,Bob Baun,Toronto,1963
Baun,Bob Baun,Toronto,1964
Baun,Bob Baun,Toronto,1967
Beauchemin,Francois Beauchemin,Anaheim,2007
Beaudro,Roxy Beaudro,Kenora,1907
Belanger,Jesse Belanger,Montreal,1993
Belfour,Ed Belfour,Dallas,1999
Beliveau,Jean Beliveau,Montreal,1956
Beliveau,Jean Beliveau,Montreal,1957
Beliveau,Jean Beliveau,Montreal,1958
Beliveau,Jean Beliveau,Montreal,1959
Beliveau,Jean Beliveau,Montreal,1960
Beliveau,Jean Beliveau,Montreal,1965
Beliveau,Jean Beliveau,Montreal,1966
Beliveau,Jean Beliveau,Montreal,1968
Beliveau,Jean Beliveau,Montreal,1969
Beliveau,Jean Beliveau,Montreal,1971
Bell,Billy Bell,Montreal,1924
Bellingham,Billy Bellingham,Mtl. AAA,1902
Bellingham,Billy Bellingham,Mtl. AAA,1903
Bellows,Brian Bellows,Montreal,1993
Benedict,Clint Benedict,Ottawa,1920
Benedict,Clint Benedict,Ottawa,1921
Benedict,Clint Benedict,Ottawa,1923
Benedict,Clint Benedict,Mtl. Maroons,1926
Benoit,Joe Benoit,Montreal,1946
Bentley,Max Bentley,Toronto,1948
Bentley,Max Bentley,Toronto,1949
Bentley,Max Bentley,Toronto,1951
Berenson,Red Berenson,Montreal,1965
Berlinquette,Louis Berlinquette,Montreal,1916
Beukeboom,Jeff Beukeboom,Edmonton,1987
Beukeboom,Jeff Beukeboom,Edmonton,1988
Beukeboom,Jeff Beukeboom,Edmonton,1990
Beukeboom,Jeff Beukeboom,NY Rangers,1994
Bicek,Jiri Bicek,New Jersey,2003
Blachford,Cecil Blachford,Mtl. AAA,1903
Blachford,Cecil Blachford,Mtl. Wanderers,1906
Blachford,Cecil Blachford,Mtl. Wanderers,1907
Blachford,Cecil Blachford,Mtl. Wanderers,1908
Blachford,Cecil Blachford,Mtl. Wanderers,1910
Black,Steve Black,Detroit,1950
Bladon,Tom Bladon,Philadelphia,1974
Bladon,Tom Bladon,Philadelphia,1975
Blair,Andy Blair,Toronto,1932
Blake,Rob Blake,Colorado,2001
Blake,Toe Blake,Mtl. Maroons,1935
Blake,Toe Blake,Montreal,1944
Blake,Toe Blake,Montreal,1946
Blinco,Russ Blinco,Mtl. Maroons,1935
Bodnar,Gus Bodnar,Toronto,1945
Bodnar,Gus Bodnar,Toronto,1947
Boesch,Garth Boesch,Toronto,1947
Boesch,Garth Boesch,Toronto,1948
Boesch,Garth Boesch,Toronto,1949
Boisvert,Serge Boisvert,Montreal,1986
Boldirev,Ivan Boldirev,Boston,1970
Bolton,Hugh Bolton,Toronto,1951
Bombardir,Brad Bombardir,New Jersey,2000
Bonin,Marcel Bonin,Detroit,1955
Bonin,Marcel Bonin,Montreal,1958
Bonin,Marcel Bonin,Montreal,1959
Bonin,Marcel Bonin,Montreal,1960
Boon,Dickie Boon,Mtl. AAA,1902
Boon,Dickie Boon,Mtl. AAA,1903
Bordeleau,Christian Bordeleau,Montreal,1969
Bossy,Mike Bossy,NY Islanders,1980
Bossy,Mike Bossy,NY Islanders,1981
Bossy,Mike Bossy,NY Islanders,1982
Bossy,Mike Bossy,NY Islanders,1983
Bouchard,Butch Bouchard,Montreal,1944
Bouchard,Butch Bouchard,Montreal,1946
Bouchard,Butch Bouchard,Montreal,1953
Bouchard,Butch Bouchard,Montreal,1956
Bouchard,Pierre Bouchard,Montreal,1971
Bouchard,Pierre Bouchard,Montreal,1973
Bouchard,Pierre Bouchard,Montreal,1976
Bouchard,Pierre Bouchard,Montreal,1977
Bouchard,Pierre Bouchard,Montreal,1978
Boucher,Billy Boucher,Montreal,1924
Boucher,Bobby Boucher,Montreal,1924
Boucher,Frank Boucher,NY Rangers,1928
Boucher,Frank Boucher,NY Rangers,1933
Boucher,Georges Boucher,Ottawa,1920
Boucher,Georges Boucher,Ottawa,1921
Boucher,Georges Boucher,Ottawa,1923
Boucher,Georges Boucher,Ottawa,1927
Bourgeault,Leo Bourgeault,NY Rangers,1928
Bourne,Bob Bourne,NY Islanders,1980
Bourne,Bob Bourne,NY Islanders,1981
Bourne,Bob Bourne,NY Islanders,1982
Bourne,Bob Bourne,NY Islanders,1983
Bourque,Phil Bourque,Pittsburgh,1991
Bourque,Phil Bourque,Pittsburgh,1992
Bourque,Raymond Bourque,Colorado,2001
Boutilier,Paul Boutilier,NY Islanders,1983
Bower,Johnny Bower,Toronto,1962
Bower,Johnny Bower,Toronto,1963
Bower,Johnny Bower,Toronto,1964
Bower,Johnny Bower,Toronto,1967
Bowie,Russell Bowie,Mtl. Victorias,1899
Bowman,Ralph Bowman,Detroit,1936
Bowman,Ralph Bowman,Detroit,1937
Boyd,Bill Boyd,NY Rangers,1928
Boyle,Dan Boyle,Tampa Bay,2004
Brannen,Jack Brannen,Mtl. Shamrocks,1899
Brannen,Jack Brannen,Mtl. Shamrocks,1900
Brennan,Doug Brennan,NY Rangers,1933
Brewer,Carl Brewer,Toronto,1962
Brewer,Carl Brewer,Toronto,1963
Brewer,Carl Brewer,Toronto,1964
Brimsek,Frank Brimsek,Boston,1939
Brimsek,Frank Brimsek,Boston,1941
Brind’Amour,Rod Brind’Amour,Carolina,2006
Brisebois,Patrice Brisebois,Montreal,1993
Broadbent,Punch Broadbent,Ottawa,1920
Broadbent,Punch Broadbent,Ottawa,1921
Broadbent,Punch Broadbent,Ottawa,1923
Broadbent,Punch Broadbent,Mtl. Maroons,1926
Broda,Turk Broda,Toronto,1942
Broda,Turk Broda,Toronto,1947
Broda,Turk Broda,Toronto,1948
Broda,Turk Broda,Toronto,1949
Broda,Turk Broda,Toronto,1951
Broden,Connie Broden,Montreal,1957
Broden,Connie Broden,Montreal,1958
Brodeur,Martin Brodeur,New Jersey,1995
Brodeur,Martin Brodeur,New Jersey,2000
Brodeur,Martin Brodeur,New Jersey,2003
Brophy,Bernie Brophy,Mtl. Maroons,1926
Broten,Neal Broten,New Jersey,1995
Brown,Adam Brown,Detroit,1943
Brown,Art Brown,Wpg. Victorias,1901
Brown,Art Brown,Wpg. Victorias,1902
Brown,Connie Brown,Detroit,1943
Brown,Dave Brown,Edmonton,1990
Brown,Doug Brown,Detroit,1997
Brown,Doug Brown,Detroit,1998
Bruce,Morley Bruce,Ottawa,1920
Bruce,Morley Bruce,Ottawa,1921
Brule,Steve Brule,New Jersey,2000
Brunet,Benoit Brunet,Montreal,1993
Bruneteau,Mud Bruneteau,Detroit,1936
Bruneteau,Mud Bruneteau,Detroit,1937
Bruneteau,Mud Bruneteau,Detroit,1943
Brylin,Sergei Brylin,New Jersey,1995
Brylin,Sergei Brylin,New Jersey,2000
Brylin,Sergei Brylin,New Jersey,2003
Bryzgalov,Ilya Bryzgalov,Anaheim,2007
Buchberger,Kelly Buchberger,Edmonton,1987
Buchberger,Kelly Buchberger,Edmonton,1990
Bucyk,John Bucyk,Boston,1970
Bucyk,John Bucyk,Boston,1972
Burke,Marty Burke,Montreal,1930
Burke,Marty Burke,Montreal,1931
Cadham,F. Cadham,Wpg. Victorias,1902
Cain,Herb Cain,Mtl. Maroons,1935
Cain,Herb Cain,Boston,1941
Callander,Jock Callander,Pittsburgh,1992
Callighen,Patsy Callighen,NY Rangers,1928
Cameron,Allan Cameron,Mtl. AAA,1893
Cameron,Allan Cameron,Mtl. AAA,1894
Cameron,Billy Cameron,Montreal,1924
Cameron,Harry Cameron,Toronto,1914
Cameron,Harry Cameron,Toronto,1918
Cameron,Harry Cameron,Toronto,1922
Campbell,Tote Campbell,Wpg. Victorias,1896
Carbonneau,Guy Carbonneau,Montreal,1986
Carbonneau,Guy Carbonneau,Montreal,1993
Carbonneau,Guy Carbonneau,Dallas,1999
Carleton,Wayne Carleton,Boston,1970
Carpenter,Bob Carpenter,New Jersey,1995
Carpenter,Ed Carpenter,Seattle,1917
Carr,Lorne Carr,Toronto,1942
Carr,Lorne Carr,Toronto,1945
Carroll,Billy Carroll,NY Islanders,1981
Carroll,Billy Carroll,NY Islanders,1982
Carroll,Billy Carroll,NY Islanders,1983
Carroll,Billy Carroll,Edmonton,1985
Carruthers,George Carruthers,Wpg. Victorias,1901
Carson,Bill Carson,Boston,1929
Carson,Frank Carson,Mtl. Maroons,1926
Carson,Gerry Carson,Montreal,1930
Carter,Ryan Carter,Anaheim,2007
Carveth,Joe Carveth,Detroit,1943
Carveth,Joe Carveth,Detroit,1950
Cashman,Wayne Cashman,Boston,1970
Cashman,Wayne Cashman,Boston,1972
Caufield,Jay Caufield,Pittsburgh,1991
Caufield,Jay Caufield,Pittsburgh,1992
Chabot,Lorne Chabot,NY Rangers,1928
Chabot,Lorne Chabot,Toronto,1932
Chamberlain,Murph Chamberlain,Montreal,1944
Chamberlain,Murph Chamberlain,Montreal,1946
Chambers,Shawn Chambers,New Jersey,1995
Chambers,Shawn Chambers,Dallas,1999
Chartraw,Rick Chartraw,Montreal,1976
Chartraw,Rick Chartraw,Montreal,1977
Chartraw,Rick Chartraw,Montreal,1978
Chartraw,Rick Chartraw,Montreal,1979
Cheevers,Gerry Cheevers,Boston,1970
Cheevers,Gerry Cheevers,Boston,1972
Chelios,Chris Chelios,Montreal,1986
Chelios,Chris Chelios,Detroit,2002
Chelios,Chris Chelios,Detroit,2008
Chorske,Tom Chorske,New Jersey,1995
Chychrun,Jeff Chychrun,Pittsburgh,1992
Cibak,Martin Cibak,Tampa Bay,2004
Clancy,King Clancy,Ottawa,1923
Clancy,King Clancy,Ottawa,1927
Clancy,King Clancy,Toronto,1932
Clapper,Dit Clapper,Boston,1929
Clapper,Dit Clapper,Boston,1939
Clapper,Dit Clapper,Boston,1941
Clarke,Bobby Clarke,Philadelphia,1974
Clarke,Bobby Clarke,Philadelphia,1975
Cleary,Daniel Cleary,Detroit,2008
Cleghorn,Odie Cleghorn,Montreal,1924
Cleghorn,Sprague Cleghorn,Ottawa,1920
Cleghorn,Sprague Cleghorn,Ottawa,1921
Cleghorn,Sprague Cleghorn,Montreal,1924
Clement,Bill Clement,Philadelphia,1974
Clement,Bill Clement,Philadelphia,1975
Clymer,Ben Clymer,Tampa Bay,2004
Coffey,Paul Coffey,Edmonton,1984
Coffey,Paul Coffey,Edmonton,1985
Coffey,Paul Coffey,Edmonton,1987
Coffey,Paul Coffey,Pittsburgh,1991
Cole,Danton Cole,New Jersey,1995
Cole,Erik Cole,Carolina,2006
Collins,Herb Collins,Mtl. AAA,1894
Colville,Mac Colville,NY Rangers,1940
Colville,Neil Colville,NY Rangers,1940
Commodore,Mike Commodore,Carolina,2006
Conacher,Brian Conacher,Toronto,1967
Conacher,Charlie Conacher,Toronto,1932
Conacher,Lionel Conacher,Chicago,1934
Conacher,Lionel Conacher,Mtl. Maroons,1935
Conacher,Pat Conacher,Edmonton,1984
Conacher,Roy Conacher,Boston,1939
Conacher,Roy Conacher,Boston,1941
Connell,Alec Connell,Ottawa,1927
Connell,Alec Connell,Mtl. Maroons,1935
Connelly,Bert Connelly,Chicago,1938
Connor,Cam Connor,Montreal,1979
Cook,Bill Cook,NY Rangers,1928
Cook,Bill Cook,NY Rangers,1933
Cook,Bun Cook,NY Rangers,1928
Cook,Bun Cook,NY Rangers,1933
Cook,Lloyd Cook,Vancouver,1915
Cook,Tom Cook,Chicago,1934
Corbeau,Bert Corbeau,Montreal,1916
Corbeau,Con Corbeau,Toronto,1914
Corbet,Rene Corbet,Colorado,1996
Costello,Les Costello,Toronto,1948
Cotton,Baldy Cotton,Toronto,1932
Coughlin,Jack Coughlin,Toronto,1918
Coulter,Art Coulter,Chicago,1934
Coulter,Art Coulter,NY Rangers,1940
Cournoyer,Yvan Cournoyer,Montreal,1965
Cournoyer,Yvan Cournoyer,Montreal,1966
Cournoyer,Yvan Cournoyer,Montreal,1968
Cournoyer,Yvan Cournoyer,Montreal,1969
Cournoyer,Yvan Cournoyer,Montreal,1971
Cournoyer,Yvan Cournoyer,Montreal,1973
Cournoyer,Yvan Cournoyer,Montreal,1976
Cournoyer,Yvan Cournoyer,Montreal,1977
Cournoyer,Yvan Cournoyer,Montreal,1978
Cournoyer,Yvan Cournoyer,Montreal,1979
Courtnall,Geoff Courtnall,Edmonton,1988
Coutu,Billy Coutu,Montreal,1924
Couture,Gerry Couture,Detroit,1950
Couture,Rosie Couture,Chicago,1934
Cowick,Bruce Cowick,Philadelphia,1974
Cowley,Bill Cowley,Boston,1939
Cowley,Bill Cowley,Boston,1941
Crawford,Jack Crawford,Boston,1939
Crawford,Jack Crawford,Boston,1941
Crawford,Rusty Crawford,Quebec,1913
Crawford,Rusty Crawford,Toronto,1918
Creighton,Billy Creighton,Quebec,1913
Crisp,Terry Crisp,Philadelphia,1974
Crisp,Terry Crisp,Philadelphia,1975
Cullen,Matt Cullen,Carolina,2006
Cullimore,Jassen Cullimore,Tampa Bay,2004
Currie,Alex Currie,Ottawa,1911
Curry,Floyd Curry,Montreal,1953
Curry,Floyd Curry,Montreal,1956
Curry,Floyd Curry,Montreal,1957
Curry,Floyd Curry,Montreal,1958
Cushenan,Ian Cushenan,Montreal,1959
Dahlin,Kjell Dahlin,Montreal,1986
Dahlstrom,Cully Dahlstrom,Chicago,1938
Daigneault,J.J. Daigneault,Montreal,1993
Damphousse,Vincent Damphousse,Montreal,1993
Dandenault,Mathieu Dandenault,Detroit,1997
Dandenault,Mathieu Dandenault,Detroit,1998
Dandenault,Mathieu Dandenault,Detroit,2002
Daneyko,Ken Daneyko,New Jersey,1995
Daneyko,Ken Daneyko,New Jersey,2000
Daneyko,Ken Daneyko,New Jersey,2003
Daniels,Jeff Daniels,Pittsburgh,1992
Darragh,Harold Darragh,Toronto,1932
Darragh,Jack Darragh,Ottawa,1911
Darragh,Jack Darragh,Ottawa,1920
Darragh,Jack Darragh,Ottawa,1921
Darragh,Jack Darragh,Ottawa,1923
Datsyuk,Pavel Datsyuk,Detroit,2002
Datsyuk,Pavel Datsyuk,Detroit,2008
Davidson,Bob Davidson,Toronto,1942
Davidson,Bob Davidson,Toronto,1945
Davidson,Cam Davidson,Mtl. Victorias,1896
Davidson,Cam Davidson,Mtl. Victorias,1897
Davidson,Cam Davidson,Mtl. Victorias,1898
Davidson,Cam Davidson,Mtl. Victorias,1899
Davidson,Scotty Davidson,Toronto,1914
Davidson,Shirley Davidson,Mtl. Victorias,1895
Davidson,Shirley Davidson,Mtl. Victorias,1896
Davidson,Shirley Davidson,Mtl. Victorias,1897
Davis,Lorne Davis,Montreal,1953
Dawes,Bob Dawes,Toronto,1949
Day,Hap Day,Toronto,1932
Deadmarsh,Adam Deadmarsh,Colorado,1996
Dean,Kevin Dean,New Jersey,1995
DeBlois,Lucien DeBlois,Montreal,1986
DeJordy,Denis DeJordy,Chicago,1961
Delvecchio,Alex Delvecchio,Detroit,1952
Delvecchio,Alex Delvecchio,Detroit,1954
Delvecchio,Alex Delvecchio,Detroit,1955
Denneny,Corb Denneny,Toronto,1918
Denneny,Corb Denneny,Toronto,1922
Denneny,Cy Denneny,Ottawa,1920
Denneny,Cy Denneny,Ottawa,1921
Denneny,Cy Denneny,Ottawa,1923
Denneny,Cy Denneny,Ottawa,1927
Denneny,Cy Denneny,Boston,1929
Desjardins,Eric Desjardins,Montreal,1993
Vries,Greg de Vries,Colorado,2001
Devereaux,Boyd Devereaux,Detroit,2002
Dewsbury,Al Dewsbury,Detroit,1950
Dey,Edgar Dey,Ottawa,1909
Dickens,Ernie Dickens,Toronto,1942
Dillon,Cecil Dillon,NY Rangers,1933
Dineen,Bill Dineen,Detroit,1954
Dineen,Bill Dineen,Detroit,1955
Dingman,Chris Dingman,Colorado,2001
Dingman,Chris Dingman,Tampa Bay,2004
Dinsmore,Chuck Dinsmore,Mtl. Maroons,1926
Dion,Dion,Ottawa,1906
Dionne,Gilbert Dionne,Montreal,1993
DiPenta,Joe DiPenta,Anaheim,2007
DiPietro,Paul DiPietro,Montreal,1993
Doak,Gary Doak,Boston,1970
Dobby,John Dobby,Mtl. Shamrocks,1899
Dornhoefer,Gary Dornhoefer,Philadelphia,1974
Dornhoefer,Gary Dornhoefer,Philadelphia,1975
Douglas,Kent Douglas,Toronto,1963
Douglas,Les Douglas,Detroit,1943
Dowd,Jim Dowd,New Jersey,1995
Downey,Aaron Downey,Detroit,2008
Drake,Dallas Drake,Detroit,2008
Draper,Kris Draper,Detroit,1997
Draper,Kris Draper,Detroit,1998
Draper,Kris Draper,Detroit,2002
Draper,Kris Draper,Detroit,2008
Drillon,Gordie Drillon,Toronto,1942
Drinkwater,Graham Drinkwater,Mtl. Victorias,1895
Drinkwater,Graham Drinkwater,Mtl. Victorias,1896
Drinkwater,Graham Drinkwater,Mtl. Victorias,1897
Drinkwater,Graham Drinkwater,Mtl. Victorias,1898
Drinkwater,Graham Drinkwater,Mtl. Victorias,1899
Driver,Bruce Driver,New Jersey,1995
Drury,Chris Drury,Colorado,2001
Dryden,Ken Dryden,Montreal,1971
Dryden,Ken Dryden,Montreal,1973
Dryden,Ken Dryden,Montreal,1976
Dryden,Ken Dryden,Montreal,1977
Dryden,Ken Dryden,Montreal,1978
Dryden,Ken Dryden,Montreal,1979
Dube,Gilles Dube,Detroit,1954
Duchesne,Steve Duchesne,Detroit,2002
Duff,Dick Duff,Toronto,1962
Duff,Dick Duff,Toronto,1963
Duff,Dick Duff,Montreal,1965
Duff,Dick Duff,Montreal,1966
Duff,Dick Duff,Montreal,1968
Duff,Dick Duff,Montreal,1969
Dufresne,Donald Dufresne,Montreal,1993
Dumart,Woody Dumart,Boston,1939
Dumart,Woody Dumart,Boston,1941
Dupont,Andre Dupont,Philadelphia,1974
Dupont,Andre Dupont,Philadelphia,1975
Durnan,Bill Durnan,Montreal,1944
Durnan,Bill Durnan,Montreal,1946
Dye,Babe Dye,Toronto,1922
Ebbs,John Ebbs,Ottawa,1906
Eddolls,Frank Eddolls,Montreal,1946
Edwards,Roy Edwards,Chicago,1961
Ehman,Gerry Ehman,Toronto,1964
Elias,Patrik Elias,New Jersey,2000
Elias,Patrik Elias,New Jersey,2003
Elliot,Roland Elliot,Mtl. Victorias,1895
Elliot,Roland Elliot,Mtl. AAA,1902
Ellis,Ron Ellis,Toronto,1967
Elmer,Wally Elmer,Victoria,1925
Engblom,Brian Engblom,Montreal,1977
Engblom,Brian Engblom,Montreal,1978
Engblom,Brian Engblom,Montreal,1979
Erickson,Aut Erickson,Toronto,1967
Eriksson,Anders Eriksson,Detroit,1998
Errey,Bob Errey,Pittsburgh,1991
Errey,Bob Errey,Pittsburgh,1992
Esposito,Phil Esposito,Boston,1970
Esposito,Phil Esposito,Boston,1972
Esposito,Tony Esposito,Montreal,1969
Evans,Jack Evans,Chicago,1961
Evans,Stewart Evans,Mtl. Maroons,1935
Ewen,Todd Ewen,Montreal,1993
Ewing,Jack Ewing,Mtl. Victorias,1897
Ewing,Jack Ewing,Mtl. Victorias,1898
Ewing,Jack Ewing,Mtl. Victorias,1899
Ezinicki,Bill Ezinicki,Toronto,1947
Ezinicki,Bill Ezinicki,Toronto,1948
Ezinicki,Bill Ezinicki,Toronto,1949
Farrell,Art Farrell,Mtl. Shamrocks,1899
Farrell,Art Farrell,Mtl. Shamrocks,1900
Fedorov,Sergei Fedorov,Detroit,1997
Fedorov,Sergei Fedorov,Detroit,1998
Fedorov,Sergei Fedorov,Detroit,2002
Fedotenko,Ruslan Fedotenko,Tampa Bay,2004
Fenwick,Art Fenwick,Mtl. Victorias,1895
Ferguson,John Ferguson,Montreal,1965
Ferguson,John Ferguson,Montreal,1966
Ferguson,John Ferguson,Montreal,1968
Ferguson,John Ferguson,Montreal,1969
Ferguson,John Ferguson,Montreal,1971
Fetisov,Viacheslav Fetisov,Detroit,1997
Fetisov,Viacheslav Fetisov,Detroit,1998
Fillion,Bob Fillion,Montreal,1944
Fillion,Bob Fillion,Montreal,1946
Filppula,Valtteri Filppula,Detroit,2008
Finnie,Dave Finnie,Ottawa,1905
Finnigan,Frank Finnigan,Ottawa,1927
Finnigan,Frank Finnigan,Toronto,1932
Fischer,Jiri Fischer,Detroit,2002
Fiset,Stephane Fiset,Colorado,1996
Fisher,Joe Fisher,Detroit,1943
Flaman,Fern Flaman,Toronto,1951
Fleming,Reggie Fleming,Chicago,1961
Flett,Bill Flett,Philadelphia,1974
Flett,Magnus Flett,Wpg. Victorias,1901
Flett,Magnus Flett,Wpg. Victorias,1902
Flett,Rod Flett,Wpg. Victorias,1896
Flett,Rod Flett,Wpg. Victorias,1901
Flett,Rod Flett,Wpg. Victorias,1902
Fleury,Theoren Fleury,Calgary,1989
Fogolin,Lee Fogolin,Detroit,1950
Jr.,Lee Fogolin Jr.,Edmonton,1984
Jr.,Lee Fogolin Jr.,Edmonton,1985
Foote,Adam Foote,Colorado,1996
Foote,Adam Foote,Colorado,2001
Forsberg,Peter Forsberg,Colorado,1996
Forsberg,Peter Forsberg,Colorado,2001
Fortier,Charles Fortier,Montreal,1924
Fournier,Jack Fournier,Montreal,1916
Foyston,Frank Foyston,Toronto,1914
Foyston,Frank Foyston,Seattle,1917
Foyston,Frank Foyston,Victoria,1925
Francis,Ron Francis,Pittsburgh,1991
Francis,Ron Francis,Pittsburgh,1992
Franzen,Johan Franzen,Detroit,2008
Franks,Jimmy Franks,Detroit,1937
Fraser,A.A. Fraser,Ottawa,1903
Fraser,Gord Fraser,Victoria,1925
Fredrickson,Frank Fredrickson,Victoria,1925
Friesen,Jeff Friesen,New Jersey,2003
Frost,Harry Frost,Boston,1939
Fuhr,Grant Fuhr,Edmonton,1984
Fuhr,Grant Fuhr,Edmonton,1985
Fuhr,Grant Fuhr,Edmonton,1987
Fuhr,Grant Fuhr,Edmonton,1988
Fuhr,Grant Fuhr,Edmonton,1990
Gagnon,Johnny Gagnon,Montreal,1931
Gainey,Bob Gainey,Montreal,1976
Gainey,Bob Gainey,Montreal,1977
Gainey,Bob Gainey,Montreal,1978
Gainey,Bob Gainey,Montreal,1979
Gainey,Bob Gainey,Montreal,1986
Gainor,Dutch Gainor,Boston,1929
Gainor,Dutch Gainor,Mtl. Maroons,1935
Galbraith,Percy Galbraith,Boston,1929
Gallagher,John Gallagher,Detroit,1937
Gamble,Dick Gamble,Montreal,1953
Gardiner,Charlie Gardiner,Chicago,1934
Gardner,Cal Gardner,Toronto,1949
Gardner,Cal Gardner,Toronto,1951
Gardner,Jimmy Gardner,Mtl. AAA,1902
Gardner,Jimmy Gardner,Mtl. AAA,1903
Gardner,Jimmy Gardner,Mtl. Wanderers,1910
Gatherum,Dave Gatherum,Detroit,1954
Gaul,Horace Gaul,Ottawa,1905
Gaul,Horace Gaul,Ottawa,1911
Gauthier,Jean Gauthier,Montreal,1965
Gee,George Gee,Detroit,1950
Gelinas,Martin Gelinas,Edmonton,1990
Geoffrion,Bernie Geoffrion,Montreal,1953
Geoffrion,Bernie Geoffrion,Montreal,1956
Geoffrion,Bernie Geoffrion,Montreal,1957
Geoffrion,Bernie Geoffrion,Montreal,1958
Geoffrion,Bernie Geoffrion,Montreal,1959
Geoffrion,Bernie Geoffrion,Montreal,1960
Gerard,Eddie Gerard,Ottawa,1920
Gerard,Eddie Gerard,Ottawa,1921
Gerard,Eddie Gerard,Ottawa,1923
Gerard,Eddie Gerard,Toronto,1922
Gerber,Martin Gerber,Carolina,2006
Getliffe,Ray Getliffe,Boston,1939
Getliffe,Ray Getliffe,Montreal,1944
Getzlaf,Ryan Getzlaf,Anaheim,2007
Giguere,Jean-Sebastien Giguere,Anaheim,2007
Gilbert,Greg Gilbert,NY Islanders,1982
Gilbert,Greg Gilbert,NY Islanders,1983
Gilbert,Greg Gilbert,NY Rangers,1994
Gilchrist,Brent Gilchrist,Detroit,1998
Gilhen,Randy Gilhen,Pittsburgh,1991
Gillies,Clark Gillies,NY Islanders,1980
Gillies,Clark Gillies,NY Islanders,1981
Gillies,Clark Gillies,NY Islanders,1982
Gillies,Clark Gillies,NY Islanders,1983
Gillilan,David Gillilan,Mtl. Victorias,1896
Gillilan,David Gillilan,Mtl. Victorias,1897
Gilmour,Billy Gilmour,Ottawa,1903
Gilmour,Billy Gilmour,Ottawa,1904
Gilmour,Billy Gilmour,Ottawa,1905
Gilmour,Billy Gilmour,Ottawa,1906
Gilmour,Billy Gilmour,Ottawa,1909
Gilmour,Dave Gilmour,Ottawa,1903
Gilmour,Doug Gilmour,Calgary,1989
Gilmour,Larry Gilmour,Mtl. Wanderers,1908
Gilmour,Suddy Gilmour,Ottawa,1903
Gilmour,Suddy Gilmour,Ottawa,04
Gingras,Gaston Gingras,Montreal,1986
Gingras,Tony Gingras,Wpg. Victorias,1901
Gingras,Tony Gingras,Wpg. Victorias,1902
Gionta,Brian Gionta,New Jersey,2003
Giroux,Eddie Giroux,Kenora,1907
Glass,Pud Glass,Mtl. Wanderers,1906
Glass,Pud Glass,Mtl. Wanderers,1907
Glass,Pud Glass,Mtl. Wanderers,1908
Glass,Pud Glass,Mtl. Wanderers,1910
Glover,Fred Glover,Detroit,1952
Goldham,Bob Goldham,Toronto,1942
Goldham,Bob Goldham,Toronto,1947
Goldham,Bob Goldham,Detroit,1952
Goldham,Bob Goldham,Detroit,1954
Goldham,Bob Goldham,Detroit,1955
Goldsworthy,Leroy Goldsworthy,Chicago,1934
Goldup,Hank Goldup,Toronto,1942
Gomez,Scott Gomez,New Jersey,2000
Gomez,Scott Gomez,New Jersey,2003
Goodenough,Larry Goodenough,Philadelphia,1975
Goodfellow,Ebbie Goodfellow,Detroit,1936
Goodfellow,Ebbie Goodfellow,Detroit,1937
Goodfellow,Ebbie Goodfellow,Detroit,1943
Goodman,Paul Goodman,Chicago,1938
Goring,Butch Goring,NY Islanders,1980
Goring,Butch Goring,NY Islanders,1981
Goring,Butch Goring,NY Islanders,1982
Goring,Butch Goring,NY Islanders,1983
Gorman,Ed Gorman,Ottawa,1927
Gottselig,Johnny Gottselig,Chicago,1934
Gottselig,Johnny Gottselig,Chicago,1938
Goyette,Phil Goyette,Montreal,1957
Goyette,Phil Goyette,Montreal,1958
Goyette,Phil Goyette,Montreal,1959
Goyette,Phil Goyette,Montreal,1960
Gracie,Bob Gracie,Toronto,1932
Gracie,Bob Gracie,Mtl. Maroons,1935
Graham,Leth Graham,Ottawa,1921
Grahame,John Grahame,Tampa Bay,2004
Grant,Danny Grant,Montreal,68
Grant,Mike Grant,Mtl. Victorias,1895
Grant,Mike Grant,Mtl. Victorias,1896
Grant,Mike Grant,Mtl. Victorias,1897
Grant,Mike Grant,Mtl. Victorias,1898
Grant,Mike Grant,Mtl. Victorias,1899
Graves,Adam Graves,Edmonton,1990
Graves,Adam Graves,NY Rangers,1994
Gray,Alex Gray,NY Rangers,1928
Green,Red Green,Boston,1929
Green,Rick Green,Montreal,1986
Green,Ted Green,Boston,1970
Green,Ted Green,Boston,1972
Gregg,Randy Gregg,Edmonton,1984
Gregg,Randy Gregg,Edmonton,1985
Gregg,Randy Gregg,Edmonton,1987
Gregg,Randy Gregg,Edmonton,1988
Gregg,Randy Gregg,Edmonton,1990
Gretzky,Wayne Gretzky,Edmonton,84
Gretzky,Wayne Gretzky,Edmonton,85
Gretzky,Wayne Gretzky,Edmonton,87
Gretzky,Wayne Gretzky,Edmonton,88
Griffis,Si Griffis,Kenora,1907
Griffis,Si Griffis,Vancouver,15
Grosso,Don Grosso,Detroit,43
Guerin,Bill Guerin,New Jersey,95
Gusarov,Alexei Gusarov,Colorado,96
Hague,Billy Hague,Ottawa,1906
Hainsworth,George Hainsworth,Montreal,1930
Hainsworth,George Hainsworth,Montreal,1931
Halderson,Harold Halderson,Victoria,1925
Hall,Glenn Hall,Detroit,1952
Hall,Glenn Hall,Chicago,1961
Hall,Joe Hall,Kenora,1907
Hall,Joe Hall,Quebec,1912
Hall,Joe Hall,Quebec,1913
Haller,Kevin Haller,Montreal,1993
Halliday,Milt Halliday,Ottawa,1927
Hallin,Mats Hallin,NY Islanders,1983
Hamill,Red Hamill,Boston,1939
Hamilton,Reg Hamilton,Toronto,1942
Hamilton,Reg Hamilton,Toronto,1945
Hannan,Dave Hannan,Edmonton,1988
Hannan,Dave Hannan,Colorado,1996
Harmon,Glen Harmon,Montreal,1944
Harmon,Glen Harmon,Montreal,1946
Harper,Terry Harper,Montreal,1965
Harper,Terry Harper,Montreal,1966
Harper,Terry Harper,Montreal,1968
Harper,Terry Harper,Montreal,1969
Harper,Terry Harper,Montreal,1971
Harris,Billy Harris,Toronto,1962
Harris,Billy Harris,Toronto,1963
Harris,Billy Harris,Toronto,1964
Harris,Ted Harris,Montreal,1965
Harris,Ted Harris,Montreal,1966
Harris,Ted Harris,Montreal,1968
Harris,Ted Harris,Montreal,1969
Harris,Ted Harris,Philadelphia,1975
Hart,Gizzy Hart,Victoria,1925
Hartman,Mike Hartman,NY Rangers,1994
Harvey,Doug Harvey,Montreal,1953
Harvey,Doug Harvey,Montreal,1956
Harvey,Doug Harvey,Montreal,1957
Harvey,Doug Harvey,Montreal,1958
Harvey,Doug Harvey,Montreal,1959
Harvey,Doug Harvey,Montreal,1960
Hasek,Dominik Hasek,Detroit,2002
Hasek,Dominik Hasek,Detroit,2008
Hassard,Bob Hassard,Toronto,1951
Hatcher,Derian Hatcher,Dallas,1999
Hay,Bill Hay,Chicago,1961
Hay,Jim Hay,Detroit,1955
Healy,Glenn Healy,NY Rangers,1994
Hebert,Sammy Hebert,Toronto,1918
Hedican,Bret Hedican,Carolina,2006
Heffernan,Gerry Heffernan,Montreal,1944
Hejduk,Milan Hejduk,Colorado,2001
Heller,Ott Heller,NY Rangers,1933
Heller,Ott Heller,NY Rangers,1940
Helm,Darren Helm,Detroit,2008
Helman,Harry Helman,Ottawa,1923
Henderson,Harold Henderson,Mtl. Victorias,1895
Henderson,Harold Henderson,Mtl. Victorias,1896
Henderson,Harold Henderson,Mtl. Victorias,1897
Henning,Lorne Henning,NY Islanders,1980
Hern,Riley Hern,Mtl. Wanderers,1907
Hern,Riley Hern,Mtl. Wanderers,1908
Hern,Riley Hern,Mtl. Wanderers,1910
Hextall,Bryan Hextall,NY Rangers,1940
Hicke,Bill Hicke,Montreal,1959
Hicke,Bill Hicke,Montreal,1960
Hicks,Wayne Hicks,Chicago,1961
Higginbotham,Fred Higginbotham,Wpg. Victorias,1896
Hill,Mel Hill,Boston,1939
Hill,Mel Hill,Boston,1941
Hill,Mel Hill,Toronto,1945
Hill,Sean Hill,Montreal,1993
Hiller,Dutch Hiller,NY Rangers,1940
Hiller,Dutch Hiller,Montreal,1946
Hillier,Randy Hillier,Pittsburgh,1991
Hillman,Larry Hillman,Detroit,1955
Hillman,Larry Hillman,Toronto,1962
Hillman,Larry Hillman,Toronto,1963
Hillman,Larry Hillman,Toronto,1964
Hillman,Larry Hillman,Toronto,1967
Hillman,Larry Hillman,Montreal,1969
Hillman,Wayne Hillman,Chicago,1961
Hinote,Dan Hinote,Colorado,2001
Hitchman,Lionel Hitchman,Ottawa,1923
Hitchman,Lionel Hitchman,Boston,1929
Hodge,Charlie Hodge,Montreal,1956
Hodge,Charlie Hodge,Montreal,1958
Hodge,Charlie Hodge,Montreal,1959
Hodge,Charlie Hodge,Montreal,1960
Hodge,Charlie Hodge,Montreal,1965
Hodge,Charlie Hodge,Montreal,1966
Hodge,Ken Hodge,Boston,1970
Hodge,Ken Hodge,Boston,1972
Hodge,Tom Hodge,Mtl. AAA,1902
Hodge,Tom Hodge,Mtl. AAA,1903
Hodgson,Archie Hodgson,Mtl. AAA,1893
Hodgson,Archie Hodgson,Mtl. AAA,1894
Hodson,Kevin Hodson,Detroit,1997
Hodson,Kevin Hodson,Detroit,1998
Hoerner,Charles Hoerner,Mtl. Shamrocks,1899
Hogue,Benoit Hogue,Dallas,1999
Holik,Bobby Holik,New Jersey,1995
Holik,Bobby Holik,New Jersey,2000
Hollett,Flash Hollett,Boston,1939
Hollett,Flash Hollett,Boston,1941
Holmes,Hap Holmes,Toronto,1914
Holmes,Hap Holmes,Toronto,1918
Holmes,Hap Holmes,Seattle,1917
Holmes,Hap Holmes,Victoria,1925
Holmstrom,Tomas Holmstrom,Detroit,1997
Holmstrom,Tomas Holmstrom,Detroit,1998
Holmstrom,Tomas Holmstrom,Detroit,2002
Holmstrom,Tomas Holmstrom,Detroit,2008
Holway,Albert Holway,Mtl. Maroons,1926
Hooper,Art Hooper,Mtl. AAA,1902
Hooper,Art Hooper,Mtl. AAA,1903
Hooper,Tom Hooper,Kenora,1907
Hooper,Tom Hooper,Mtl. Wanderers,1908
Horne,George Horne,Mtl. Maroons,1926
Horner,Red Horner,Toronto,1932
Horton,Tim Horton,Toronto,1962
Horton,Tim Horton,Toronto,1963
Horton,Tim Horton,Toronto,1964
Horton,Tim Horton,Toronto,1967
Houle,Rejean Houle,Montreal,1971
Houle,Rejean Houle,Montreal,1973
Houle,Rejean Houle,Montreal,1977
Houle,Rejean Houle,Montreal,1978
Houle,Rejean Houle,Montreal,1979
Howard,Attie Howard,Wpg. Victorias,1896
Howatt,Garry Howatt,NY Islanders,1980
Howatt,Garry Howatt,NY Islanders,1981
Howe,Gordie Howe,Detroit,1950
Howe,Gordie Howe,Detroit,1952
Howe,Gordie Howe,Detroit,1954
Howe,Gordie Howe,Detroit,1955
Howe,Syd Howe,Detroit,1936
Howe,Syd Howe,Detroit,1937
Howe,Syd Howe,Detroit,1943
Hrdina,Jiri Hrdina,Calgary,1989
Hrdina,Jiri Hrdina,Pittsburgh,1991
Hrdina,Jiri Hrdina,Pittsburgh,1992
Hrkac,Tony Hrkac,Dallas,1999
Huddy,Charlie Huddy,Edmonton,1984
Huddy,Charlie Huddy,Edmonton,1985
Huddy,Charlie Huddy,Edmonton,1987
Huddy,Charlie Huddy,Edmonton,1988
Huddy,Charlie Huddy,Edmonton,1990
Hudler,Jiri Hudler,Detroit,2008
Hudson,Mike Hudson,NY Rangers,1994
Hughes,Pat Hughes,Montreal,1979
Hughes,Pat Hughes,Edmonton,1984
Hughes,Pat Hughes,Edmonton,1985
Hull,Bobby Hull,Chicago,1961
Hull,Brett Hull,Dallas,1999
Hull,Brett Hull,Detroit,2002
Hunter,Dave Hunter,Edmonton,1984
Hunter,Dave Hunter,Edmonton,1985
Hunter,Dave Hunter,Edmonton,1987
Hunter,Mark Hunter,Calgary,1989
Hunter,Tim Hunter,Calgary,1989
Huskins,Kent Huskins,Anaheim,2007
Hutchinson,Andrew Hutchinson,Carolina,2006
Hutton,Bouse Hutton,Ottawa,1903
Hutton,Bouse Hutton,Ottawa,1904
Hyland,Harry Hyland,Mtl. Wanderers,1910
Irving,Alex Irving,Mtl. AAA,1893
Irving,Alex Irving,Mtl. AAA,1894
Jackman,Ric Jackman,Anaheim,2007
Jackson,Art Jackson,Boston,1941
Jackson,Art Jackson,Toronto,1945
Jackson,Busher Jackson,Toronto,1932
Jackson,Don Jackson,Edmonton,1984
Jackson,Don Jackson,Edmonton,1985
Jackson,Harold Jackson,Chicago,1938
Jackson,Harold Jackson,Detroit,1943
Jackson,Stan Jackson,Toronto,1922
Jagr,Jaromir Jagr,Pittsburgh,1991
Jagr,Jaromir Jagr,Pittsburgh,1992
James,George James,Mtl. AAA,1894
Jarvis,Doug Jarvis,Montreal,1976
Jarvis,Doug Jarvis,Montreal,1977
Jarvis,Doug Jarvis,Montreal,1978
Jarvis,Doug Jarvis,Montreal,1979
Jeffrey,Larry Jeffrey,Toronto,1967
Jenkins,Roger Jenkins,Chicago,1934
Jenkins,Roger Jenkins,Chicago,1938
Jennings,Grant Jennings,Pittsburgh,1991
Jennings,Grant Jennings,Pittsburgh,1992
Johnson,Ching Johnson,NY Rangers,1928
Johnson,Ching Johnson,NY Rangers,1933
Johnson,Earl Johnson,Detroit,1954
Johnson,Moose Johnson,Mtl. Wanderers,1906
Johnson,Moose Johnson,Mtl. Wanderers,1907
Johnson,Moose Johnson,Mtl. Wanderers,1908
Johnson,Moose Johnson,Mtl. Wanderers,1910
Johnson,Tom Johnson,Montreal,1953
Johnson,Tom Johnson,Montreal,1956
Johnson,Tom Johnson,Montreal,1957
Johnson,Tom Johnson,Montreal,1958
Johnson,Tom Johnson,Montreal,1959
Johnson,Tom Johnson,Montreal,1960
Johnson,Virgil Johnson,Chicago,1938
Johnston,Eddie Johnston,Boston,1970
Johnston,Eddie Johnston,Boston,1972
Johnstone,Charles Johnstone,Wpg. Victorias,1896
Johnstone,Charles Johnstone,Wpg. Victorias,1901
Johnstone,Charles Johnstone,Wpg. Victorias,1902
Johnstone,Ross Johnstone,Toronto,1945
Joliat,Aurel Joliat,Montreal,1924
Joliat,Aurel Joliat,Montreal,1930
Joliat,Aurel Joliat,Montreal,1931
Jones,Robert Jones,Mtl. Victorias,1895
Jonsson,Tomas Jonsson,NY Islanders,1982
Jonsson,Tomas Jonsson,NY Islanders,1983
Juzda,Bill Juzda,Toronto,1949
Juzda,Bill Juzda,Toronto,1951
Kaberle,Frantisek Kaberle,Carolina,2006
Kallur,Anders Kallur,NY Islanders,1980
Kallur,Anders Kallur,NY Islanders,1981
Kallur,Anders Kallur,NY Islanders,1982
Kallur,Anders Kallur,NY Islanders,1983
Kamensky,Valeri Kamensky,Colorado,1996
Kampman,Bingo Kampman,Toronto,1942
Karakas,Mike Karakas,Chicago,1938
Karpovtsev,Alexander Karpovtsev,NY Rangers,1994
Keane,Mike Keane,Montreal,1993
Keane,Mike Keane,Colorado,1996
Keane,Mike Keane,Dallas,1999
Keeling,Butch Keeling,NY Rangers,1933
Kelly,Bob Kelly,Philadelphia,1974
Kelly,Bob Kelly,Philadelphia,1975
Kelly,Pete Kelly,Detroit,1936
Kelly,Pete Kelly,Detroit,1937
Kelly,Red Kelly,Detroit,1950
Kelly,Red Kelly,Detroit,1952
Kelly,Red Kelly,Detroit,1954
Kelly,Red Kelly,Detroit,1955
Kelly,Red Kelly,Toronto,1962
Kelly,Red Kelly,Toronto,1963
Kelly,Red Kelly,Toronto,1964
Kelly,Red Kelly,Toronto,1967
Kelly,Steve Kelly,New Jersey,2000
Kendall,Bill Kendall,Chicago,1934
Kennedy,Rod Kennedy,Mtl. Wanderers,1906
Kennedy,Rod Kennedy,Mtl. Wanderers,1907
Kennedy,Ted Kennedy,Toronto,1945
Kennedy,Ted Kennedy,Toronto,1947
Kennedy,Ted Kennedy,Toronto,1948
Kennedy,Ted Kennedy,Toronto,1949
Kennedy,Ted Kennedy,Toronto,1951
Keon,Dave Keon,Toronto,1962
Keon,Dave Keon,Toronto,1963
Keon,Dave Keon,Toronto,1964
Keon,Dave Keon,Toronto,1967
Kerr,Dave Kerr,NY Rangers,1940
Kerr,Dubbie Kerr,Ottawa,1909
Kerr,Dubbie Kerr,Ottawa,1910
Kerr,Dubbie Kerr,Ottawa,1911
Khabibulin,Nikolai Khabibulin,Tampa Bay,2004
Kilrea,Hec Kilrea,Ottawa,1927
Kilrea,Hec Kilrea,Detroit,1936
Kilrea,Hec Kilrea,Detroit,1937
Kilrea,Wally Kilrea,Detroit,1936
Kilrea,Wally Kilrea,Detroit,1937
Kindrachuk,Orest Kindrachuk,Philadelphia,1974
Kindrachuk,Orest Kindrachuk,Philadelphia,1975
Kingan,Alex Kingan,Mtl. AAA,1893
Kingan,Alex Kingan,Mtl. AAA,1894
Kitchen,Hobie Kitchen,Mtl. Maroons,1926
Klein,Lloyd Klein,Boston,1929
Klemm,Jon Klemm,Colorado,1996
Klemm,Jon Klemm,Colorado,2001
Klima,Petr Klima,Edmonton,1990
Klukay,Joe Klukay,Toronto,1947
Klukay,Joe Klukay,Toronto,1948
Klukay,Joe Klukay,Toronto,1949
Klukay,Joe Klukay,Toronto,1951
Knuble,Mike Knuble,Detroit,1998
Kocur,Joe Kocur,NY Rangers,1994
Kocur,Joe Kocur,Detroit,1997
Kocur,Joe Kocur,Detroit,1998
Konstantinov,Vladimir Konstantinov,Detroit,1997
Konstantinov,Vladimir Konstantinov,Detroit,1998
Kopecky,Tomas Kopecky,Detroit,2008
Kordic,John Kordic,Montreal,1986
Kovalev,Alex Kovalev,NY Rangers,1994
Kozlov,Vyacheslav Kozlov,Detroit,1997
Kozlov,Vyacheslav Kozlov,Detroit,1998
Kronwall,Niklas Kronwall,Detroit,2008
Krupp,Uwe Krupp,Colorado,1996
Krushelnyski,Mike Krushelnyski,Edmonton,1985
Krushelnyski,Mike Krushelnyski,Edmonton,1987
Krushelnyski,Mike Krushelnyski,Edmonton,1988
Kubina,Pavel Kubina,Tampa Bay,2004
Kunitz,Chris Kunitz,Anaheim,2007
Kurri,Jari Kurri,Edmonton,1984
Kurri,Jari Kurri,Edmonton,1985
Kurri,Jari Kurri,Edmonton,1987
Kurri,Jari Kurri,Edmonton,1988
Kurri,Jari Kurri,Edmonton,1990
Kurvers,Tom Kurvers,Montreal,1986
Kypreos,Nick Kypreos,NY Rangers,1994
Lach,Elmer Lach,Montreal,1944
Lach,Elmer Lach,Montreal,1946
Lach,Elmer Lach,Montreal,1953
Lacombe,Normand Lacombe,Edmonton,1988
Ladd,Andrew Ladd,Carolina,2006
Lafleur,Guy Lafleur,Montreal,1973
Lafleur,Guy Lafleur,Montreal,1976
Lafleur,Guy Lafleur,Montreal,1977
Lafleur,Guy Lafleur,Montreal,1978
Lafleur,Guy Lafleur,Montreal,1979
Lake,Fred Lake,Ottawa,1909
Lake,Fred Lake,Ottawa,1910
Lake,Fred Lake,Ottawa,1911
Lalonde,Newsy Lalonde,Montreal,1916
Lalor,Mike Lalor,Montreal,1986
Lamb,Mark Lamb,Edmonton,1990
Lambert,Yvon Lambert,Montreal,1976
Lambert,Yvon Lambert,Montreal,1977
Lambert,Yvon Lambert,Montreal,1978
Lambert,Yvon Lambert,Montreal,1979
Lamoureux,Leo Lamoureux,Montreal,1944
Lamoureux,Leo Lamoureux,Montreal,1946
Lane,Gord Lane,NY Islanders,1980
Lane,Gord Lane,NY Islanders,1981
Lane,Gord Lane,NY Islanders,1982
Lane,Gord Lane,NY Islanders,1983
Lane,Myles Lane,Boston,1929
Langelle,Pete Langelle,Toronto,1942
Langenbrunner,Jamie Langenbrunner,Dallas,1999
Langenbrunner,Jamie Langenbrunner,New Jersey,2003
Langevin,Dave Langevin,NY Islanders,1980
Langevin,Dave Langevin,NY Islanders,1981
Langevin,Dave Langevin,NY Islanders,1982
Langevin,Dave Langevin,NY Islanders,1983
Langlois,Albert Langlois,Montreal,1958
Langlois,Albert Langlois,Montreal,1959
Langlois,Albert Langlois,Montreal,1960
Langway,Rod Langway,Montreal,1979
Laperriere,Jacques Laperriere,Montreal,1965
Laperriere,Jacques Laperriere,Montreal,1966
Laperriere,Jacques Laperriere,Montreal,1968
Laperriere,Jacques Laperriere,Montreal,1969
Laperriere,Jacques Laperriere,Montreal,1971
Laperriere,Jacques Laperriere,Montreal,1973
Lapointe,Guy Lapointe,Montreal,1971
Lapointe,Guy Lapointe,Montreal,1973
Lapointe,Guy Lapointe,Montreal,1976
Lapointe,Guy Lapointe,Montreal,1977
Lapointe,Guy Lapointe,Montreal,1978
Lapointe,Guy Lapointe,Montreal,1979
Lapointe,Martin Lapointe,Detroit,1997
Lapointe,Martin Lapointe,Detroit,1998
Larionov,Igor Larionov,Detroit,1997
Larionov,Igor Larionov,Detroit,1998
Larionov,Igor Larionov,Detroit,2002
Larmer,Steve Larmer,NY Rangers,1994
Larochelle,Wildor Larochelle,Montreal,1930
Larochelle,Wildor Larochelle,Montreal,1931
Larocque,Michel Larocque,Montreal,1976
Larocque,Michel Larocque,Montreal,1977
Larocque,Michel Larocque,Montreal,1978
Larocque,Michel Larocque,Montreal,1979
LaRose,Chad LaRose,Carolina,2006
Larose,Claude Larose,Montreal,1965
Larose,Claude Larose,Montreal,1966
Larose,Claude Larose,Montreal,1968
Larose,Claude Larose,Montreal,1971
Larose,Claude Larose,Montreal,1973
Larouche,Pierre Larouche,Montreal,1978
Larouche,Pierre Larouche,Montreal,1979
Laviolette,Jack Laviolette,Montreal,1916
Leach,Jamie Leach,Pittsburgh,1992
Leach,Reggie Leach,Philadelphia,1975
Lebda,Brett Lebda,Detroit,2008
Lebeau,Stephan Lebeau,Montreal,1993
Lecavalier,Vincent Lecavalier,Tampa Bay,2004
Leclair,Jackie Leclair,Montreal,1956
LeClair,John LeClair,Montreal,1993
Leduc,Albert Leduc,Montreal,1930
Leduc,Albert Leduc,Montreal,1931
Leeman,Gary Leeman,Montreal,1993
Leetch,Brian Leetch,NY Rangers,1994
Lefebvre,Sylvain Lefebvre,Colorado,1996
Lefley,Chuck Lefley,Montreal,1971
Lefley,Chuck Lefley,Montreal,1973
Legace,Manny Legace,Detroit,2002
Lehman,Hugh Lehman,Vancouver,1915
Lehtinen,Jere Lehtinen,Dallas,1999
Lemaire,Jacques Lemaire,Montreal,1968
Lemaire,Jacques Lemaire,Montreal,1969
Lemaire,Jacques Lemaire,Montreal,1971
Lemaire,Jacques Lemaire,Montreal,1973
Lemaire,Jacques Lemaire,Montreal,1976
Lemaire,Jacques Lemaire,Montreal,1977
Lemaire,Jacques Lemaire,Montreal,1978
Lemaire,Jacques Lemaire,Montreal,1979
Lemay,Moe Lemay,Edmonton,1987
Lemieux,Claude Lemieux,Montreal,1986
Lemieux,Claude Lemieux,New Jersey,1995
Lemieux,Claude Lemieux,New Jersey,2000
Lemieux,Claude Lemieux,Colorado,1996
Lemieux,Mario Lemieux,Pittsburgh,1991
Lemieux,Mario Lemieux,Pittsburgh,1992
Leonard,George Leonard,Quebec,1912
Lepine,Pit Lepine,Montreal,1930
Lepine,Pit Lepine,Montreal,1931
Leschyshyn,Curtis Leschyshyn,Colorado,1996
Lesieur,Art Lesieur,Montreal,31
LeSueur,Percy LeSueur,Ottawa,1906
LeSueur,Percy LeSueur,Ottawa,1909
LeSueur,Percy LeSueur,Ottawa,1910
LeSueur,Percy LeSueur,Ottawa,1911
Lesuk,Bill Lesuk,Boston,1970
Leswick,Jack Leswick,Chicago,1934
Leswick,Tony Leswick,Detroit,1952
Leswick,Tony Leswick,Detroit,1954
Leswick,Tony Leswick,Detroit,1955
Levinsky,Alex Levinsky,Toronto,1932
Levinsky,Alex Levinsky,Chicago,1938
Lewicki,Danny Lewicki,Toronto,1951
Lewis,Gordon Lewis,Mtl. Victorias,1896
Lewis,Gordon Lewis,Mtl. Victorias,1897
Lewis,Gordon Lewis,Mtl. Victorias,1898
Lewis,Gordon Lewis,Mtl. Victorias,1899
Lewis,Herbie Lewis,Detroit,1936
Lewis,Herbie Lewis,Detroit,1937
Lidster,Doug Lidster,NY Rangers,1994
Lidstrom,Nicklas Lidstrom,Detroit,1997
Lidstrom,Nicklas Lidstrom,Detroit,1998
Lidstrom,Nicklas Lidstrom,Detroit,2002
Lidstrom,Nicklas Lidstrom,Detroit,2008
Liffiton,Charles Liffiton,Mtl. AAA,1902
Liffiton,Charles Liffiton,Mtl. AAA,1903
Lilja,Andreas Lilja,Detroit,2008
Liffiton,Ernie Liffiton,Mtl. Wanderers,1908
Lindsay,Ted Lindsay,Detroit,1950
Lindsay,Ted Lindsay,Detroit,1952
Lindsay,Ted Lindsay,Detroit,1954
Lindsay,Ted Lindsay,Detroit,1955
Lindstrom,Willy Lindstrom,Edmonton,1984
Lindstrom,Willy Lindstrom,Edmonton,1985
Linseman,Ken Linseman,Edmonton,1984
Liscombe,Carl Liscombe,Detroit,1943
Litzenberger,Ed Litzenberger,Chicago,1961
Litzenberger,Ed Litzenberger,Toronto,1962
Litzenberger,Ed Litzenberger,Toronto,1963
Litzenberger,Ed Litzenberger,Toronto,1964
Loney,Troy Loney,Pittsburgh,1991
Loney,Troy Loney,Pittsburgh,1992
Lonsberry,Ross Lonsberry,Philadelphia,1974
Lonsberry,Ross Lonsberry,Philadelphia,1975
Loob,Hakan Loob,Calgary,1989
Lorentz,Jim Lorentz,Boston,1970
Lorimer,Bob Lorimer,NY Islanders,1980
Lorimer,Bob Lorimer,NY Islanders,1981
Loughlin,Clem Loughlin,Victoria,1925
Low,G.S. Low,Mtl. AAA,1893
Lowe,Kevin Lowe,Edmonton,1984
Lowe,Kevin Lowe,Edmonton,1985
Lowe,Kevin Lowe,Edmonton,1987
Lowe,Kevin Lowe,Edmonton,1988
Lowe,Kevin Lowe,Edmonton,1990
Lowe,Kevin Lowe,NY Rangers,1994
Ludwig,Craig Ludwig,Montreal,1986
Ludwig,Craig Ludwig,Dallas,1999
Lukowich,Brad Lukowich,Tampa Bay,2004
Lumley,Dave Lumley,Edmonton,1984
Lumley,Dave Lumley,Edmonton,1985
Lumley,Harry Lumley,Detroit,1950
Lupien,Gilles Lupien,Montreal,1978
Lupien,Gilles Lupien,Montreal,1979
Lynn,Vic Lynn,Toronto,1947
Lynn,Vic Lynn,Toronto,1948
Lynn,Vic Lynn,Toronto,1949
MacDonald,Kilby MacDonald,NY Rangers,1940
MacInnis,Al MacInnis,Calgary,1989
MacKay,Calum MacKay,Montreal,1953
MacKay,Mickey MacKay,Vancouver,1915
MacKay,Mickey MacKay,Boston,1929
MacKell,Fleming MacKell,Toronto,1949
MacKell,Fleming MacKell,Toronto,1951
MacKell,Jack MacKell,Ottawa,1920
MacKell,Jack MacKell,Ottawa,1921
MacKenzie,Bill MacKenzie,Chicago,1938
Mackie,Howie Mackie,Detroit,1937
MacLean,John MacLean,New Jersey,1995
MacLeish,Rick MacLeish,Philadelphia,1974
MacLeish,Rick MacLeish,Philadelphia,1975
MacLellan,Brian MacLellan,Calgary,1989
MacMillan,John MacMillan,Toronto,1962
MacMillan,John MacMillan,Toronto,1963
Macoun,Jamie Macoun,Calgary,1989
Macoun,Jamie Macoun,Detroit,1998
MacPherson,Bud MacPherson,Montreal,1953
MacTavish,Craig MacTavish,Edmonton,1987
MacTavish,Craig MacTavish,Edmonton,1988
MacTavish,Craig MacTavish,Edmonton,1990
MacTavish,Craig MacTavish,NY Rangers,1994
Madden,John Madden,New Jersey,2000
Madden,John Madden,New Jersey,2003
Mahovlich,Frank Mahovlich,Toronto,1962
Mahovlich,Frank Mahovlich,Toronto,1963
Mahovlich,Frank Mahovlich,Toronto,1964
Mahovlich,Frank Mahovlich,Toronto,1967
Mahovlich,Frank Mahovlich,Montreal,1971
Mahovlich,Frank Mahovlich,Montreal,1973
Mahovlich,Pete Mahovlich,Montreal,1971
Mahovlich,Pete Mahovlich,Montreal,1973
Mahovlich,Pete Mahovlich,Montreal,1976
Mahovlich,Pete Mahovlich,Montreal,1977
Majeau,Fern Majeau,Montreal,1944
Maki,Chico Maki,Chicago,1961
Malakhov,Vladimir Malakhov,New Jersey,2000
Maley,David Maley,Montreal,1986
Mallen,Ken Mallen,Ottawa,1910
Mallen,Ken Mallen,Vancouver,1915
Malone,Jeff Malone,Quebec,1913
Malone,Joe Malone,Quebec,1912
Malone,Joe Malone,Quebec,1913
Malone,Joe Malone,Montreal,1924
Maltby,Kirk Maltby,Detroit,1997
Maltby,Kirk Maltby,Detroit,1998
Maltby,Kirk Maltby,Detroit,2002
Maltby,Kirk Maltby,Detroit,2008
Mantha,Georges Mantha,Montreal,1930
Mantha,Georges Mantha,Montreal,1931
Mantha,Sylvio Mantha,Montreal,1924
Mantha,Sylvio Mantha,Montreal,1930
Mantha,Sylvio Mantha,Montreal,1931
Marcetta,Milan Marcetta,Toronto,1967
March,Mush March,Chicago,1934
March,Mush March,Chicago,1938
Marchant,Todd Marchant,Anaheim,2007
Marcotte,Don Marcotte,Boston,1970
Marcotte,Don Marcotte,Boston,1972
Marini,Hector Marini,NY Islanders,1981
Marini,Hector Marini,NY Islanders,1982
Marker,Gus Marker,Mtl. Maroons,1935
Marks,Jack Marks,Quebec,1912
Marks,Jack Marks,Quebec,1913
Marks,Jack Marks,Toronto,1918
Marshall,Don Marshall,Montreal,1956
Marshall,Don Marshall,Montreal,1957
Marshall,Don Marshall,Montreal,1958
Marshall,Don Marshall,Montreal,1959
Marshall,Don Marshall,Montreal,1960
Marshall,Grant Marshall,Dallas,1999
Marshall,Grant Marshall,New Jersey,2003
Marshall,Jack Marshall,Wpg. Victorias,1901
Marshall,Jack Marshall,Mtl. AAA,1902
Marshall,Jack Marshall,Mtl. AAA,1903
Marshall,Jack Marshall,Mtl. Wanderers,1907
Marshall,Jack Marshall,Mtl. Wanderers,1910
Marshall,Jack Marshall,Toronto,1914
Martin,Clare Martin,Detroit,1950
Masnick,Paul Masnick,Montreal,1953
Matteau,Stephane Matteau,NY Rangers,1994
Matvichuk,Richard Matvichuk,Dallas,1999
Matz,Johnny Matz,Vancouver,1915
May,Brad May,Anaheim,2007
Mazur,Eddie Mazur,Montreal,1953
McAlpine,Chris McAlpine,New Jersey,1995
McCaffrey,Bert McCaffrey,Montreal,1930
McCarty,Darren McCarty,Detroit,1997
McCarty,Darren McCarty,Detroit,1998
McCarty,Darren McCarty,Detroit,2002
McCarty,Darren McCarty,Detroit,2008
McClelland,Kevin McClelland,Edmonton,1984
McClelland,Kevin McClelland,Edmonton,1985
McClelland,Kevin McClelland,Edmonton,1987
McClelland,Kevin McClelland,Edmonton,1988
McCool,Frank McCool,Toronto,1945
McCormack,John McCormack,Toronto,1951
McCormack,John McCormack,Montreal,1953
McCreedy,John McCreedy,Toronto,1942
McCreedy,John McCreedy,Toronto,1945
McCrimmon,Brad McCrimmon,Calgary,1989
McDonald,Ab McDonald,Montreal,1958
McDonald,Ab McDonald,Montreal,1959
McDonald,Ab McDonald,Montreal,1960
McDonald,Ab McDonald,Chicago,1961
McDonald,Andy McDonald,Anaheim,2007
McDonald,Bucko McDonald,Detroit,1936
McDonald,Bucko McDonald,Detroit,1937
McDonald,Bucko McDonald,Toronto,1942
McDonald,Jack McDonald,Quebec,1912
McDonald,Lanny McDonald,Calgary,1989
McDougall,A. McDougall,Mtl. Victorias,1895
McDougall,Bob McDougall,Mtl. Victorias,1895
McDougall,Bob McDougall,Mtl. Victorias,1896
McDougall,Bob McDougall,Mtl. Victorias,1897
McDougall,Bob McDougall,Mtl. Victorias,1898
McDougall,Bob McDougall,Mtl. Victorias,1899
McDougall,Hartland McDougall,Mtl. Victorias,1896
McDougall,Hartland McDougall,Mtl. Victorias,1897
McDougall,Hartland McDougall,Mtl. Victorias,1898
McEachern,Shawn McEachern,Pittsburgh,1992
McEwen,Mike McEwen,NY Islanders,1981
McEwen,Mike McEwen,NY Islanders,1982
McEwen,Mike McEwen,NY Islanders,1983
McFadden,Jim McFadden,Detroit,1950
McFadyen,Don McFadyen,Chicago,1934
McGee,Frank McGee,Ottawa,1903
McGee,Frank McGee,Ottawa,1904
McGee,Frank McGee,Ottawa,1905
McGee,Frank McGee,Ottawa,1906
McGee,Jim McGee,Ottawa,1904
McGiffen,Roy McGiffen,Toronto,1914
McGimsie,Billy McGimsie,Kenora,1907
McKay,Doug McKay,Detroit,1950
McKay,Randy McKay,New Jersey,1995
McKay,Randy McKay,New Jersey,2000
McKendry,Alex McKendry,NY Islanders,1980
McKenna,Joe McKenna,Mtl. Shamrocks,1899
McKenna,Joe McKenna,Mtl. Shamrocks,1900
McKenney,Don McKenney,Toronto,1964
McKenzie,Jim McKenzie,New Jersey,2003
McKenzie,John McKenzie,Boston,1970
McKenzie,John McKenzie,Boston,1972
McLea,Ernie McLea,Mtl. Victorias,1896
McLea,Ernie McLea,Mtl. Victorias,1897
McLea,Ernie McLea,Mtl. Victorias,1898
McLea,Ernie McLea,Mtl. Victorias,1899
McLean,Jack McLean,Toronto,1945
McLellan,McLellan,Mtl. Victorias,1897
McMahon,Mike McMahon,Montreal,1944
McManus,Sammy McManus,Mtl. Maroons,1935
McNab,Max McNab,Detroit,1950
McNamara,George McNamara,Toronto,1914
McNamara,Howard McNamara,Montreal,1916
McNeil,Gerry McNeil,Montreal,1953
McNeil,Gerry McNeil,Montreal,1957
McNeil,Gerry McNeil,Montreal,1958
McPhee,Mike McPhee,Montreal,1986
McReavy,Pat McReavy,Boston,1941
McRobie,Fred McRobie,Mtl. Victorias,1899
McSorley,Marty McSorley,Edmonton,1987
McSorley,Marty McSorley,Edmonton,1988
Meech,Derek Meech,Detroit,2008
Meeker,Howie Meeker,Toronto,1947
Meeker,Howie Meeker,Toronto,1948
Meeker,Howie Meeker,Toronto,1949
Meeker,Howie Meeker,Toronto,1951
Meeking,Harry Meeking,Toronto,1918
Meeking,Harry Meeking,Victoria,1925
Meger,Paul Meger,Montreal,1953
Melanson,Roland Melanson,NY Islanders,1981
Melanson,Roland Melanson,NY Islanders,1982
Melanson,Roland Melanson,NY Islanders,1983
Melnyk,Larry Melnyk,Edmonton,1985
Menard,Henri Menard,Mtl. Wanderers,1906
Merrick,Wayne Merrick,NY Islanders,1980
Merrick,Wayne Merrick,NY Islanders,1981
Merrick,Wayne Merrick,NY Islanders,1982
Merrick,Wayne Merrick,NY Islanders,1983
Merrill,Horace Merrill,Ottawa,1920
Merritt,Whitey Merritt,Wpg. Victorias,1896
Messier,Eric Messier,Colorado,2001
Messier,Mark Messier,Edmonton,1984
Messier,Mark Messier,Edmonton,1985
Messier,Mark Messier,Edmonton,1987
Messier,Mark Messier,Edmonton,1988
Messier,Mark Messier,Edmonton,1990
Messier,Mark Messier,NY Rangers,1994
Metz,Don Metz,Toronto,1942
Metz,Don Metz,Toronto,1945
Metz,Don Metz,Toronto,1947
Metz,Don Metz,Toronto,1948
Metz,Don Metz,Toronto,1949
Metz,Nick Metz,Toronto,1942
Metz,Nick Metz,Toronto,1945
Metz,Nick Metz,Toronto,1947
Metz,Nick Metz,Toronto,1948
Michayluk,Dave Michayluk,Pittsburgh,1992
Mikita,Stan Mikita,Chicago,1961
Miller,Bill Miller,Mtl. Maroons,1935
Miller,Drew Miller,Anaheim,2007
Miller,Earl Miller,Toronto,1932
Miller,Joe Miller,NY Rangers,1928
Mironov,Dmitri Mironov,Detroit,1998
Mitchell,Ivan Mitchell,Toronto,1922
Modano,Mike Modano,Dallas,1999
Modin,Fredrik Modin,Tampa Bay,2004
Moen,Travis Moen,Anaheim,2007
Mogilny,Alexander Mogilny,New Jersey,2000
Molson,Percy Molson,Mtl. Victorias,1897
Mondou,Armand Mondou,Montreal,1930
Mondou,Armand Mondou,Montreal,1931
Mondou,Pierre Mondou,Montreal,1977
Mondou,Pierre Mondou,Montreal,1978
Mondou,Pierre Mondou,Montreal,1979
Moog,Andy Moog,Edmonton,1984
Moog,Andy Moog,Edmonton,1985
Moog,Andy Moog,Edmonton,1987
Moore,Alfie Moore,Chicago,1938
Moore,Arthur Moore,Ottawa,1903
Moore,Arthur Moore,Ottawa,1904
Moore,Arthur Moore,Ottawa,1905
Moore,Arthur Moore,Ottawa,1906
Moore,Dickie Moore,Montreal,1953
Moore,Dickie Moore,Montreal,1956
Moore,Dickie Moore,Montreal,1957
Moore,Dickie Moore,Montreal,1958
Moore,Dickie Moore,Montreal,1959
Moore,Dickie Moore,Montreal,1960
Moran,Paddy Moran,Quebec,1912
Moran,Paddy Moran,Quebec,1913
Morenz,Howie Morenz,Montreal,1924
Morenz,Howie Morenz,Montreal,1930
Morenz,Howie Morenz,Montreal,1931
Morris,Bernie Morris,Seattle,1917
Morris,Moe Morris,Toronto,1945
Morrow,Ken Morrow,NY Islanders,1980
Morrow,Ken Morrow,NY Islanders,1981
Morrow,Ken Morrow,NY Islanders,1982
Morrow,Ken Morrow,NY Islanders,1983
Mortson,Gus Mortson,Toronto,1947
Mortson,Gus Mortson,Toronto,1948
Mortson,Gus Mortson,Toronto,1949
Mortson,Gus Mortson,Toronto,1951
Mosdell,Ken Mosdell,Montreal,1946
Mosdell,Ken Mosdell,Montreal,1953
Mosdell,Ken Mosdell,Montreal,1956
Mosdell,Ken Mosdell,Montreal,1959
Motter,Alex Motter,Detroit,1943
Motzko,Joe Motzko,Anaheim,2007
Mowers,Johnny Mowers,Detroit,1943
Muir,Bryan Muir,Colorado,2001
Mullen,Joe Mullen,Calgary,1989
Mullen,Joe Mullen,Pittsburgh,1991
Mullen,Joe Mullen,Pittsburgh,1992
Muller,Kirk Muller,Montreal,1993
Mummery,Harry Mummery,Quebec,1913
Mummery,Harry Mummery,Toronto,1918
Muni,Craig Muni,Edmonton,1987
Muni,Craig Muni,Edmonton,1988
Muni,Craig Muni,Edmonton,1990
Munro,Dunc Munro,Mtl. Maroons,1926
Murdoch,Bob Murdoch,Montreal,1971
Murdoch,Bob Murdoch,Montreal,1973
Murdoch,Murray Murdoch,NY Rangers,1928
Murdoch,Murray Murdoch,NY Rangers,1933
Murphy,Joe Murphy,Edmonton,1990
Murphy,Larry Murphy,Pittsburgh,1991
Murphy,Larry Murphy,Pittsburgh,1992
Murphy,Larry Murphy,Detroit,1997
Murphy,Larry Murphy,Detroit,1998
Murphy,Ron Murphy,Chicago,1961
Murphy,Ron Murphy,Boston,1970
Murray,Troy Murray,Colorado,1996
Murzyn,Dana Murzyn,Calgary,1989
Mussen,Clare Mussen,Mtl. AAA,1894
Napier,Mark Napier,Montreal,1979
Napier,Mark Napier,Edmonton,1985
Naslund,Mats Naslund,Montreal,1986
Nattress,Ric Nattress,Calgary,1989
Neckar,Stan Neckar,Tampa Bay,2004
Needham,Mike Needham,Pittsburgh,1992
Nemchinov,Sergei Nemchinov,NY Rangers,1994
Nemchinov,Sergei Nemchinov,New Jersey,2000
Nesterenko,Eric Nesterenko,Chicago,1961
Nevin,Bob Nevin,Toronto,1962
Nevin,Bob Nevin,Toronto,1963
Nicholson,Billy Nicholson,Mtl. AAA,1902
Nicholson,Billy Nicholson,Mtl. AAA,1903
Niedermayer,Rob Niedermayer,Anaheim,2007
Niedermayer,Scott Niedermayer,New Jersey,1995
Niedermayer,Scott Niedermayer,New Jersey,2000
Niedermayer,Scott Niedermayer,New Jersey,2003
Niedermayer,Scott Niedermayer,Anaheim,2007
Nieminen,Ville Nieminen,Colorado,2001
Nieuwendyk,Joe Nieuwendyk,Calgary,1989
Nieuwendyk,Joe Nieuwendyk,Dallas,1999
Nieuwendyk,Joe Nieuwendyk,New Jersey,2003
Nighbor,Frank Nighbor,Vancouver,1915
Nighbor,Frank Nighbor,Ottawa,1920
Nighbor,Frank Nighbor,Ottawa,1921
Nighbor,Frank Nighbor,Ottawa,1923
Nighbor,Frank Nighbor,Ottawa,1927
Nilan,Chris Nilan,Montreal,1986
Nilsson,Kent Nilsson,Edmonton,1987
Noble,Reg Noble,Toronto,1918
Noble,Reg Noble,Toronto,1922
Noble,Reg Noble,Mtl. Maroons,1926
Nolet,Simon Nolet,Philadelphia,1974
Noonan,Brian Noonan,NY Rangers,1994
Northcott,Baldy Northcott,Mtl. Maroons,1935
Nyrop,Bill Nyrop,Montreal,1976
Nyrop,Bill Nyrop,Montreal,1977
Nyrop,Bill Nyrop,Montreal,1978
Nystrom,Bob Nystrom,NY Islanders,1980
Nystrom,Bob Nystrom,NY Islanders,1981
Nystrom,Bob Nystrom,NY Islanders,1982
Nystrom,Bob Nystrom,NY Islanders,1983
Oatman,Eddie Oatman,Quebec,1912
O’Brien,E. O’Brien,Mtl. AAA,1894
O’Connor,Buddy O’Connor,Montreal,1944
O’Connor,Buddy O’Connor,Montreal,1946
Odelein,Lyle Odelein,Montreal,1993
O’Donnell,Sean O’Donnell,Anaheim,2007
Olausson,Fredrik Olausson,Detroit,2002
Olczyk,Ed Olczyk,NY Rangers,1994
Oliver,Harry Oliver,Boston,1929
Oliwa,Krzysztof Oliwa,New Jersey,2000
Olmstead,Bert Olmstead,Montreal,1953
Olmstead,Bert Olmstead,Montreal,1956
Olmstead,Bert Olmstead,Montreal,1957
Olmstead,Bert Olmstead,Montreal,1958
Olmstead,Bert Olmstead,Toronto,1962
O’Neill,Tom O’Neill,Toronto,1945
Orlando,Jimmy Orlando,Detroit,1943
Orr,Bobby Orr,Boston,1970
Orr,Bobby Orr,Boston,1972
Osgood,Chris Osgood,Detroit,1997
Osgood,Chris Osgood,Detroit,1998
Osgood,Chris Osgood,Detroit,2008
Otto,Joel Otto,Calgary,1989
Owen,George Owen,Boston,1929
Ozolinsh,Sandis Ozolinsh,Colorado,1996
Paek,Jim Paek,Pittsburgh,1991
Paek,Jim Paek,Pittsburgh,1992
Pahlsson,Samuel Pahlsson,Anaheim,2007
Palangio,Pete Palangio,Chicago,1938
Pandolfo,Jay Pandolfo,New Jersey,2000
Pandolfo,Jay Pandolfo,New Jersey,2003
Pappin,Jim Pappin,Toronto,1964
Pappin,Jim Pappin,Toronto,1967
Parent,Bernie Parent,Philadelphia,1974
Parent,Bernie Parent,Philadelphia,1975
Parker,Scott Parker,Colorado,2001
Parros,George Parros,Anaheim,2007
Paton,Tom Paton,Mtl. AAA,1893
Patrick,Frank Patrick,Vancouver,1915
Patrick,Lester Patrick,Mtl. Wanderers,1906
Patrick,Lester Patrick,Mtl. Wanderers,1907
Patrick,Lester Patrick,NY Rangers,1928
Patrick,Lynn Patrick,NY Rangers,1940
Patrick,Muzz Patrick,NY Rangers,1940
Patterson,Colin Patterson,Calgary,1989
Pavelich,Marty Pavelich,Detroit,1950
Pavelich,Marty Pavelich,Detroit,1952
Pavelich,Marty Pavelich,Detroit,1954
Pavelich,Marty Pavelich,Detroit,1955
Pederson,Barry Pederson,Pittsburgh,1991
Peluso,Mike Peluso,New Jersey,1995
Penner,Dustin Penner,Anaheim,2007
Peplinski,Jim Peplinski,Calgary,1989
Perrin,Eric Perrin,Tampa Bay,2004
Perry,Corey Perry,Anaheim,2007
Persson,Stefan Persson,NY Islanders,1980
Persson,Stefan Persson,NY Islanders,1981
Persson,Stefan Persson,NY Islanders,1982
Persson,Stefan Persson,NY Islanders,1983
Peters,Garry Peters,Montreal,1965
Peters,Jimmy Peters,Montreal,1946
Peters,Jimmy Peters,Detroit,1950
Peters,Jimmy Peters,Detroit,1954
Pettinger,Gord Pettinger,NY Rangers,1933
Pettinger,Gord Pettinger,Detroit,1936
Pettinger,Gord Pettinger,Detroit,1937
Pettinger,Gord Pettinger,Boston,1939
Phillips,Merlyn Phillips,Mtl. Maroons,1926
Phillips,Russell Phillips,Kenora,1907
Phillips,Tommy Phillips,Mtl. AAA,1903
Phillips,Tommy Phillips,Kenora,1907
Picard,Noel Picard,Montreal,1965
Pietrangelo,Frank Pietrangelo,Pittsburgh,1991
Pike,Alf Pike,NY Rangers,1940
Pilote,Pierre Pilote,Chicago,1961
Pitre,Didier Pitre,Montreal,1916
Plamondon,Gerry Plamondon,Montreal,1946
Plante,Derek Plante,Dallas,1999
Plante,Jacques Plante,Montreal,1953
Plante,Jacques Plante,Montreal,1956
Plante,Jacques Plante,Montreal,1957
Plante,Jacques Plante,Montreal,1958
Plante,Jacques Plante,Montreal,1959
Plante,Jacques Plante,Montreal,1960
Plasse,Michel Plasse,Montreal,1973
Podein,Shjon Podein,Colorado,2001
Poile,Bud Poile,Toronto,1947
Polich,Mike Polich,Montreal,1977
Portland,Jack Portland,Boston,1939
Potvin,Denis Potvin,NY Islanders,1980
Potvin,Denis Potvin,NY Islanders,1981
Potvin,Denis Potvin,NY Islanders,1982
Potvin,Denis Potvin,NY Islanders,1983
Potvin,Jean Potvin,NY Islanders,1980
Potvin,Jean Potvin,NY Islanders,1981
Poulin,Skinner Poulin,Montreal,1916
Pouzar,Jaroslav Pouzar,Edmonton,1984
Pouzar,Jaroslav Pouzar,Edmonton,1985
Pouzar,Jaroslav Pouzar,Edmonton,1987
Power,Rocket Power,Quebec,1913
Pratt,Babe Pratt,NY Rangers,1940
Pratt,Babe Pratt,Toronto,1945
Pratt,Nolan Pratt,Colorado,2001
Pratt,Nolan Pratt,Tampa Bay,2004
Price,Noel Price,Montreal,1966
Priestlay,Ken Priestlay,Pittsburgh,1992
Primeau,Joe Primeau,Toronto,1932
Prodgers,Goldie Prodgers,Quebec,1912
Prodgers,Goldie Prodgers,Montreal,1916
Pronger,Chris Pronger,Anaheim,2007
Pronovost,Andre Pronovost,Montreal,1957
Pronovost,Andre Pronovost,Montreal,1958
Pronovost,Andre Pronovost,Montreal,1959
Pronovost,Andre Pronovost,Montreal,1960
Pronovost,Marcel Pronovost,Detroit,1950
Pronovost,Marcel Pronovost,Detroit,1952
Pronovost,Marcel Pronovost,Detroit,1954
Pronovost,Marcel Pronovost,Detroit,1955
Pronovost,Marcel Pronovost,Toronto,1967
Provost,Claude Provost,Montreal,1956
Provost,Claude Provost,Montreal,1957
Provost,Claude Provost,Montreal,1958
Provost,Claude Provost,Montreal,1959
Provost,Claude Provost,Montreal,1960
Provost,Claude Provost,Montreal,1965
Provost,Claude Provost,Montreal,1966
Provost,Claude Provost,Montreal,1968
Provost,Claude Provost,Montreal,1969
Prystai,Metro Prystai,Detroit,1952
Prystai,Metro Prystai,Detroit,1954
Pulford,Bob Pulford,Toronto,1962
Pulford,Bob Pulford,Toronto,1963
Pulford,Bob Pulford,Toronto,1964
Pulford,Bob Pulford,Toronto,197
Pulford,Harvey Pulford,Ottawa,1903
Pulford,Harvey Pulford,Ottawa,1904
Pulford,Harvey Pulford,Ottawa,1905
Pulford,Harvey Pulford,Ottawa,1906
Pullan,William Pullan,Mtl. Victorias,1895
Pushor,Jamie Pushor,Detroit,1997
Pusie,Jean Pusie,Montreal,1931
Racicot,Andre Racicot,Montreal,1993
Rafalski,Brian Rafalski,New Jersey,2000
Rafalski,Brian Rafalski,New Jersey,2003
Rafalski,Brian Rafalski,Detroit,2008
Ramage,Rob Ramage,Calgary,1989
Ramage,Rob Ramage,Montreal,1993
Randall,Ken Randall,Toronto,1918
Randall,Ken Randall,Toronto,1922
Ranford,Bill Ranford,Edmonton,1988
Ranford,Bill Ranford,Edmonton,1990
Rankin,Norman Rankin,Mtl. Victorias,1895
Reardon,Ken Reardon,Montreal,1946
Reardon,Terry Reardon,Boston,1941
Reay,Billy Reay,Montreal,1946
Reay,Billy Reay,Montreal,1953
Recchi,Mark Recchi,Pittsburgh,1991
Recchi,Mark Recchi,Carolina,2006
Reddick,Pokey Reddick,Edmonton,1990
Redmond,Mickey Redmond,Montreal,1968
Redmond,Mickey Redmond,Montreal,1969
Reibel,Dutch Reibel,Detroit,1954
Reibel,Dutch Reibel,Detroit,1955
Reid,Dave Reid,Dallas,1999
Reid,Dave Reid,Colorado,2001
Reinprecht,Steve Reinprecht,Colorado,2001
Jr.,Leo Reise Jr.,Detroit,1950
Jr.,Leo Reise Jr.,Detroit,1952
Resch,Glenn Resch,NY Islanders,1980
Rheaume,Pascal Rheaume,New Jersey,2003
Ricci,Mike Ricci,Colorado,1996
Richard,Henri Richard,Montreal,1956
Richard,Henri Richard,Montreal,1957
Richard,Henri Richard,Montreal,1958
Richard,Henri Richard,Montreal,1959
Richard,Henri Richard,Montreal,1960
Richard,Henri Richard,Montreal,1965
Richard,Henri Richard,Montreal,1966
Richard,Henri Richard,Montreal,1968
Richard,Henri Richard,Montreal,1969
Richard,Henri Richard,Montreal,1971
Richard,Henri Richard,Montreal,1973
Richard,Maurice Richard,Montreal,1944
Richard,Maurice Richard,Montreal,1946
Richard,Maurice Richard,Montreal,1953
Richard,Maurice Richard,Montreal,1956
Richard,Maurice Richard,Montreal,1957
Richard,Maurice Richard,Montreal,1958
Richard,Maurice Richard,Montreal,1959
Richard,Maurice Richard,Montreal,1960
Richards,Brad Richards,Tampa Bay,2004
Richardson,Frank Richardson,Mtl. Victorias,1898
Richardson,Frank Richardson,Mtl. Victorias,1899
Richer,Stephane Richer,Montreal,1986
Richer,Stephane Richer,New Jersey,1995
Richter,Mike Richter,NY Rangers,1994
Rickey,Roy Rickey,Seattle,1917
Ridpath,Bruce Ridpath,Ottawa,1910
Ridpath,Bruce Ridpath,Ottawa,1911
Riley,Jim Riley,Seattle,1917
Risebrough,Doug Risebrough,Montreal,1976
Risebrough,Doug Risebrough,Montreal,1977
Risebrough,Doug Risebrough,Montreal,1978
Risebrough,Doug Risebrough,Montreal,1979
Rivers,Gus Rivers,Montreal,1930
Rivers,Gus Rivers,Montreal,1931
Roach,John Ross  Roach,Toronto,1922
Roberge,Mario Roberge,Montreal,1993
Roberto,Phil Roberto,Montreal,1971
Roberts,Gary Roberts,Calgary,1989
Roberts,Gord Roberts,Ottawa,1910
Roberts,Gordie Roberts,Pittsburgh,1991
Roberts,Gordie Roberts,Pittsburgh,1992
Roberts,Jimmy Roberts,Montreal,1965
Roberts,Jimmy Roberts,Montreal,1966
Roberts,Jimmy Roberts,Montreal,1973
Roberts,Jimmy Roberts,Montreal,1976
Roberts,Jimmy Roberts,Montreal,1977
Robertson,Earl Robertson,Detroit,1937
Robertson,Fred Robertson,Toronto,1932
Robinson,Earl Robinson,Mtl. Maroons,1935
Robinson,Larry Robinson,Montreal,1973
Robinson,Larry Robinson,Montreal,1976
Robinson,Larry Robinson,Montreal,1977
Robinson,Larry Robinson,Montreal,1978
Robinson,Larry Robinson,Montreal,1979
Robinson,Larry Robinson,Montreal,1986
Robitaille,Luc Robitaille,Detroit,2002
Rochefort,Leon Rochefort,Montreal,1966
Rochefort,Leon Rochefort,Montreal,1971
Rodden,Eddie Rodden,Boston,1929
Rollins,Al Rollins,Toronto,1951
Rolston,Brian Rolston,New Jersey,1995
Romnes,Doc Romnes,Chicago,1934
Romnes,Doc Romnes,Chicago,1938
Ronan,Ed Ronan,Montreal,1993
Ronan,Skene Ronan,Montreal,1916
Rooney,Steve Rooney,Montreal,1986
Rooney,Walter Rooney,Quebec,1912
Ross,Art Ross,Kenora,1907
Ross,Art Ross,Mtl. Wanderers,1908
Rothschild,Sam Rothschild,Mtl. Maroons,1926
Roulston,Rolly Roulston,Detroit,1937
Rouse,Bob Rouse,Detroit,1997
Rouse,Bob Rouse,Detroit,1998
Rousseau,Bobby Rousseau,Montreal,1965
Rousseau,Bobby Rousseau,Montreal,1966
Rousseau,Bobby Rousseau,Montreal,1968
Rousseau,Bobby Rousseau,Montreal,1969
Routh,Haviland Routh,Mtl. AAA,1893
Routh,Haviland Routh,Mtl. AAA,1994
Rowe,Bobby Rowe,Seattle,1917
Roy,Andre Roy,Tampa Bay,2004
Roy,Patrick Roy,Montreal,1986
Roy,Patrick Roy,Montreal,1993
Roy,Patrick Roy,Colorado,1996
Roy,Patrick Roy,Colorado,2001
Rumble,Darren Rumble,Tampa Bay,2004
Ruotsalainen,Reijo Ruotsalainen,Edmonton,1987
Ruotsalainen,Reijo Ruotsalainen,Edmonton,1990
Rupp,Mike Rupp,New Jersey,2003
Russell,Ernie Russell,Mtl. Wanderers,1906
Russell,Ernie Russell,Mtl. Wanderers,1907
Russell,Ernie Russell,Mtl. Wanderers,1908
Russell,Ernie Russell,Mtl. Wanderers,1910
Rychel,Warren Rychel,Colorado,1996
Laurent,Dollard St. Laurent,Montreal,1953
Laurent,Dollard St. Laurent,Montreal,1956
Laurent,Dollard St. Laurent,Montreal,1957
Laurent,Dollard St. Laurent,Montreal,1958
Laurent,Dollard St. Laurent,Chicago,1961
Louis,Martin St. Louis,Tampa Bay,2004
Sakic,Joe Sakic,Colorado,1996
Sakic,Joe Sakic,Colorado,2001
Saleski,Don Saleski,Philadelphia,1974
Saleski,Don Saleski,Philadelphia,1975
Samis,Phil Samis,Toronto,1948
Samuelsson,Kjell Samuelsson,Pittsburgh,1992
Samuelsson,Mikael Samuelsson,Detroit,2008
Samuelsson,Ulf Samuelsson,Pittsburgh,1991
Samuelsson,Ulf Samuelsson,Pittsburgh,1992
Sanderson,Derek Sanderson,Boston,1970
Sanderson,Derek Sanderson,Boston,1972
Sands,Charlie Sands,Boston,1939
Sandstrom,Tomas Sandstrom,Detroit,1997
Sarich,Cory Sarich,Tampa Bay,2004
Savard,Denis Savard,Montreal,1993
Savard,Serge Savard,Montreal,1968
Savard,Serge Savard,Montreal,1969
Savard,Serge Savard,Montreal,1973
Savard,Serge Savard,Montreal,1976
Savard,Serge Savard,Montreal,1977
Savard,Serge Savard,Montreal,1978
Savard,Serge Savard,Montreal,1979
Sawchuk,Terry Sawchuk,Detroit,1952
Sawchuk,Terry Sawchuk,Detroit,1954
Sawchuk,Terry Sawchuk,Detroit,1955
Sawchuk,Terry Sawchuk,Toronto,1967
Scanlon,Fred Scanlon,Mtl. Shamrocks,1899
Scanlon,Fred Scanlon,Mtl. Shamrocks,1900
Scanlon,Fred Scanlon,Wpg. Victorias,1902
Schmidt,Milt Schmidt,Boston,1939
Schmidt,Milt Schmidt,Boston,1941
Schneider,Mathieu Schneider,Montreal,1993
Schock,Danny Schock,Boston,1970
Schriner,Sweeney Schriner,Toronto,1942
Schriner,Sweeney Schriner,Toronto,1945
Schultz,Dave Schultz,Philadelphia,1974
Schultz,Dave Schultz,Philadelphia,1975
Schwab,Corey Schwab,New Jersey,2003
Sclisizzi,Enio Sclisizzi,Detroit,1952
Scott,Scott,Ottawa,1904
Seaborn,Jim Seaborn,Vancouver,1915
Seibert,Earl Seibert,NY Rangers,1933
Seibert,Earl Seibert,Chicago,1938
Selanne,Teemu Selanne,Anaheim,2007
Semenko,Dave Semenko,Edmonton,1984
Semenko,Dave Semenko,Edmonton,1985
Severyn,Brent Severyn,Dallas,1999
Sevigny,Richard Sevigny,Montreal,1979
Shack,Eddie Shack,Toronto,1962
Shack,Eddie Shack,Toronto,1963
Shack,Eddie Shack,Toronto,1964
Shack,Eddie Shack,Toronto,1967
Shanahan,Brendan Shanahan,Detroit,1997
Shanahan,Brendan Shanahan,Detroit,1998
Shanahan,Brendan Shanahan,Detroit,2002
Shannon,Ryan Shannon,Anaheim,2007
Sheehan,Bobby Sheehan,Montreal,1971
Sheppard,Johnny Sheppard,Chicago,1934
Sherf,John Sherf,Detroit,1937
Shewchuck,Jack Shewchuck,Boston,1941
Shibicky,Alex Shibicky,NY Rangers,1940
Shields,Al Shields,Mtl. Maroons,1935
Shill,Jack Shill,Chicago,1938
Shore,Eddie Shore,Boston,1929
Shore,Eddie Shore,Boston,1939
Shore,Hamby Shore,Ottawa,1905
Shore,Hamby Shore,Ottawa,1910
Shore,Hamby Shore,Ottawa,1911
Shutt,Steve Shutt,Montreal,1973
Shutt,Steve Shutt,Montreal,1976
Shutt,Steve Shutt,Montreal,1977
Shutt,Steve Shutt,Montreal,1978
Shutt,Steve Shutt,Montreal,1979
Siebert,Babe Siebert,Mtl. Maroons,1926
Siebert,Babe Siebert,NY Rangers,1933
Sim,Jon Sim,Dallas,1999
Simmons,Don Simmons,Toronto,1962
Simmons,Don Simmons,Toronto,1963
Simmons,Don Simmons,Toronto,1964
Simon,Chris Simon,Colorado,1996
Simon,Cully Simon,Detroit,1943
Simpson,Craig Simpson,Edmonton,1988
Simpson,Craig Simpson,Edmonton,1990
Sims,Percy Sims,Ottawa,1903
Skinner,Alf Skinner,Toronto,1918
Skoula,Martin Skoula,Colorado,2001
Skov,Glen Skov,Detroit,1952
Skov,Glen Skov,Detroit,1954
Skov,Glen Skov,Detroit,1955
Skrudland,Brian Skrudland,Montreal,1986
Skrudland,Brian Skrudland,Dallas,1999
Slegr,Jiri Slegr,Detroit,2002
Sloan,Blake Sloan,Dallas,1999
Sloan,Tod Sloan,Toronto,1951
Sloan,Tod Sloan,Chicago,1961
Smaill,Walter Smaill,Mtl. Wanderers,1908
Smehlik,Richard Smehlik,New Jersey,2003
Smith,Alex Smith,Ottawa,1927
Smith,Alf Smith,Ottawa,1904
Smith,Alf Smith,Ottawa,1905
Smith,Alf Smith,Ottawa,1906
Smith,Alf Smith,Kenora,1907
Smith,Billy Smith,NY Islanders,1980
Smith,Billy Smith,NY Islanders,1981
Smith,Billy Smith,NY Islanders,1982
Smith,Billy Smith,NY Islanders,1983
Smith,Bobby Smith,Montreal,1986
Smith,Clint Smith,NY Rangers,1940
Smith,Dallas Smith,Boston,1970
Smith,Dallas Smith,Boston,1972
Smith,Des Smith,Boston,1941
Smith,Geoff Smith,Edmonton,1990
Smith,George Smith,Mtl. AAA,1903
Smith,Harry Smith,Ottawa,1906
Smith,Hooley Smith,Ottawa,1927
Smith,Hooley Smith,Mtl. Maroons,1935
Smith,Normie Smith,Detroit,1936
Smith,Normie Smith,Detroit,1937
Smith,Rick Smith,Boston,1970
Smith,Sid Smith,Toronto,1948
Smith,Sid Smith,Toronto,1949
Smith,Sid Smith,Toronto,1951
Smith,Stan Smith,NY Rangers,1940
Smith,Steve Smith,Edmonton,1987
Smith,Steve Smith,Edmonton,1988
Smith,Steve Smith,Edmonton,1990
Smith,Tommy Smith,Ottawa,1906
Smith,Tommy Smith,Quebec,1913
Smylie,Rod Smylie,Toronto,1922
Soetaert,Doug Soetaert,Montreal,1986
Somers,Art Somers,NY Rangers,1933
Sorrell,John Sorrell,Detroit,1936
Sorrell,John Sorrell,Detroit,1937
Speer,Bill Speer,Boston,1970
Spittal,Charles Spittal,Ottawa,1903
Staal,Eric Staal,Carolina,2006
Stackhouse,Ted Stackhouse,Toronto,1922
Stanfield,Fred Stanfield,Boston,1970
Stanfield,Fred Stanfield,Boston,1972
Stanley,Allan Stanley,Toronto,1962
Stanley,Allan Stanley,Toronto,1963
Stanley,Allan Stanley,Toronto,1964
Stanley,Allan Stanley,Toronto,1967
Stanley,Barney Stanley,Vancouver,1915
Stanowski,Wally Stanowski,Toronto,1942
Stanowski,Wally Stanowski,Toronto,1945
Stanowski,Wally Stanowski,Toronto,1947
Stanowski,Wally Stanowski,Toronto,1948
Stanton,Paul Stanton,Pittsburgh,1991
Stanton,Paul Stanton,Pittsburgh,1992
Stasiuk,Vic Stasiuk,Detroit,1952
Stasiuk,Vic Stasiuk,Detroit,1955
Stemkowski,Pete Stemkowski,Toronto,1967
Stephenson,Wayne Stephenson,Philadelphia,1975
Stevens,Kevin Stevens,Pittsburgh,1991
Stevens,Kevin Stevens,Pittsburgh,1992
Stevens,Scott Stevens,New Jersey,1995
Stevens,Scott Stevens,New Jersey,2000
Stevens,Scott Stevens,New Jersey,2003
Stevenson,Turner Stevenson,New Jersey,2003
Stewart,Gaye Stewart,Toronto,1942
Stewart,Gaye Stewart,Toronto,1947
Stewart,Jack Stewart,Detroit,1943
Stewart,Jack Stewart,Detroit,1950
Stewart,James Stewart,Mtl. AAA,1893
Stewart,James Stewart,Mtl. AAA,1894
Stewart,Nels Stewart,Mtl. Maroons,1926
Stewart,Ron Stewart,Toronto,1962
Stewart,Ron Stewart,Toronto,1963
Stewart,Ron Stewart,Toronto,1964
Stillman,Cory Stillman,Tampa Bay,2004
Stillman,Cory Stillman,Carolina,2006
Strachan,Billy Strachan,Mtl. Wanderers,1906
Strachan,Billy Strachan,Mtl. Wanderers,1907
Stuart,Billy Stuart,Toronto,1922
Stuart,Brad Stuart,Detroit,2008
Stuart,Bruce Stuart,Mtl. Wanderers,1908
Stuart,Bruce Stuart,Ottawa,1909
Stuart,Bruce Stuart,Ottawa,1910
Stuart,Bruce Stuart,Ottawa,1911
Stuart,Hod Stuart,Mtl. Wanderers,1907
Suter,Gary Suter,Calgary,1989
Sutter,Brent Sutter,NY Islanders,1982
Sutter,Brent Sutter,NY Islanders,1983
Sutter,Duane Sutter,NY Islanders,1980
Sutter,Duane Sutter,NY Islanders,1981
Sutter,Duane Sutter,NY Islanders,1982
Sutter,Duane Sutter,NY Islanders,1983
Sutton,Ken Sutton,New Jersey,2000
Svoboda,Petr Svoboda,Montreal,1986
Sydor,Darryl Sydor,Dallas,1999
Sydor,Darryl Sydor,Tampa Bay,2004
Sykora,Petr Sykora,New Jersey,2000
Taglianetti,Peter Taglianetti,Pittsburgh,1991
Taglianetti,Peter Taglianetti,Pittsburgh,1992
Talbot,Jean-Guy Talbot,Montreal,1956
Talbot,Jean-Guy Talbot,Montreal,1957
Talbot,Jean-Guy Talbot,Montreal,1958
Talbot,Jean-Guy Talbot,Montreal,1959
Talbot,Jean-Guy Talbot,Montreal,1960
Talbot,Jean-Guy Talbot,Montreal,1965
Talbot,Jean-Guy Talbot,Montreal,1966
Tambellini,Steve Tambellini,NY Islanders,1980
Tanguay,Alex Tanguay,Colorado,2001
Tansey,Frank Tansey,Mtl. Shamrocks,1899
Tansey,Frank Tansey,Mtl. Shamrocks,1900
Tardif,Marc Tardif,Montreal,1971
Tardif,Marc Tardif,Montreal,1973
Taylor,Billy Taylor,Toronto,1942
Taylor,Bobby Taylor,Philadelphia,1974
Taylor,Bobby Taylor,Philadelphia,1975
Taylor,Cyclone Taylor,Ottawa,1909
Taylor,Cyclone Taylor,Vancouver,1915
Taylor,Harry Taylor,Toronto,1949
Taylor,Tim Taylor,Detroit,1997
Taylor,Tim Taylor,Tampa Bay,2004
Terreri,Chris Terreri,New Jersey,1995
Terreri,Chris Terreri,New Jersey,2000
Thompson,Paul Thompson,NY Rangers,1928
Thompson,Paul Thompson,Chicago,1934
Thompson,Paul Thompson,Chicago,1938
Thompson,Tiny Thompson,Boston,1929
Thomson,Jimmy Thomson,Toronto,1947
Thomson,Jimmy Thomson,Toronto,1948
Thomson,Jimmy Thomson,Toronto,1949
Thomson,Jimmy Thomson,Toronto,1951
Thornton,Shawn Thornton,Anaheim,2007
Tikkanen,Esa Tikkanen,Edmonton,1985
Tikkanen,Esa Tikkanen,Edmonton,1987
Tikkanen,Esa Tikkanen,Edmonton,1988
Tikkanen,Esa Tikkanen,Edmonton,1990
Tikkanen,Esa Tikkanen,NY Rangers,1994
Timgren,Ray Timgren,Toronto,1949
Timgren,Ray Timgren,Toronto,1951
Tocchet,Rick Tocchet,Pittsburgh,1992
Tonelli,John Tonelli,NY Islanders,1980
Tonelli,John Tonelli,NY Islanders,1981
Tonelli,John Tonelli,NY Islanders,1982
Tonelli,John Tonelli,NY Islanders,1983
Tremblay,Gilles Tremblay,Montreal,1965
Tremblay,Gilles Tremblay,Montreal,1966
Tremblay,Gilles Tremblay,Montreal,1968
Tremblay,Gilles Tremblay,Montreal,1969
Tremblay,J.C. Tremblay,Montreal,1965
Tremblay,J.C. Tremblay,Montreal,1966
Tremblay,J.C. Tremblay,Montreal,1968
Tremblay,J.C. Tremblay,Montreal,1969
Tremblay,J.C. Tremblay,Montreal,1971
Tremblay,Mario Tremblay,Montreal,1976
Tremblay,Mario Tremblay,Montreal,1977
Tremblay,Mario Tremblay,Montreal,1978
Tremblay,Mario Tremblay,Montreal,1979
Tremblay,Mario Tremblay,Montreal,1986
Trihey,Harry Trihey,Mtl. Shamrocks,1899
Trihey,Harry Trihey,Mtl. Shamrocks,1900
Trottier,Bryan Trottier,NY Islanders,1980
Trottier,Bryan Trottier,NY Islanders,1981
Trottier,Bryan Trottier,NY Islanders,1982
Trottier,Bryan Trottier,NY Islanders,1983
Trottier,Bryan Trottier,Pittsburgh,1991
Trottier,Bryan Trottier,Pittsburgh,1992
Trottier,Dave Trottier,Mtl. Maroons,1935
Trudel,Lou Trudel,Chicago,1934
Trudel,Lou Trudel,Chicago,1938
Turek,Roman Turek,Dallas,1999
Turner,Bob Turner,Montreal,1956
Turner,Bob Turner,Montreal,1957
Turner,Bob Turner,Montreal,1958
Turner,Bob Turner,Montreal,1959
Turner,Bob Turner,Montreal,1960
Tverdovsky,Oleg Tverdovsky,New Jersey,2003
Tverdovsky,Oleg Tverdovsky,Carolina,2006
Vachon,Rogie Vachon,Montreal,1968
Vachon,Rogie Vachon,Montreal,1969
Vachon,Rogie Vachon,Montreal,1971
Vadnais,Carol Vadnais,Montreal,1968
Vadnais,Carol Vadnais,Boston,1972
Impe,Ed Van Impe,Philadelphia,1974
Impe,Ed Van Impe,Philadelphia,1975
Vasicek,Josef Vasicek,Carolina,2006
Vasko,Moose Vasko,Chicago,1961
Verbeek,Pat Verbeek,Dallas,1999
Vernon,Mike Vernon,Calgary,1989
Vernon,Mike Vernon,Detroit,1997
Vezina,Georges Vezina,Montreal,1916
Vezina,Georges Vezina,Montreal,1924
Voss,Carl Voss,Chicago,1938
Wakely,Ernie Wakely,Montreal,1965
Wakely,Ernie Wakely,Montreal,1968
Walker,Jack Walker,Toronto,1914
Walker,Jack Walker,Seattle,1917
Walker,Jack Walker,Victoria,1925
Wall,Frank Wall,Mtl. Shamrocks,1899
Wall,Frank Wall,Mtl. Shamrocks,1900
Wallace,W. Wallace,Mtl. Victorias,1896
Wallin,Niclas Wallin,Carolina,2006
Walsh,Marty Walsh,Ottawa,1909
Walsh,Marty Walsh,Ottawa,1910
Walsh,Marty Walsh,Ottawa,1911
Walter,Ryan Walter,Montreal,1986
Walton,Mike Walton,Toronto,1967
Walton,Mike Walton,Boston,1972
Wamsley,Rick Wamsley,Calgary,1989
Wand,Toad Wand,Mtl. AAA,1894
Ward,Aaron Ward,Detroit,1997
Ward,Aaron Ward,Detroit,1998
Ward,Aaron Ward,Carolina,2006
Ward,Cam Ward,Carolina,2006
Ward,Jimmy Ward,Mtl. Maroons,1935
Wares,Eddie Wares,Detroit,1943
Wasnie,Nick Wasnie,Montreal,1930
Wasnie,Nick Wasnie,Montreal,1931
Watson,Bryan Watson,Montreal,1965
Watson,Harry Watson,Detroit,1943
Watson,Harry Watson,Toronto,1947
Watson,Harry Watson,Toronto,1948
Watson,Harry Watson,Toronto,1949
Watson,Harry Watson,Toronto,1951
Watson,Jimmy Watson,Philadelphia,1974
Watson,Jimmy Watson,Philadelphia,1975
Watson,Joe Watson,Philadelphia,1974
Watson,Joe Watson,7,195
Watson,Phil Watson,NY Rangers,1940
Watson,Phil Watson,Montreal,1944
Weight,Doug Weight,Carolina,2006
Weiland,Cooney Weiland,Boston,1929
Weiland,Cooney Weiland,Boston,1939
Wells,Jay Wells,NY Rangers,1994
Wentworth,Cy Wentworth,Mtl. Maroons,1935
Wesley,Glen Wesley,Carolina,2006
Westfall,Ed Westfall,Boston,1970
Westfall,Ed Westfall,Boston,1972
Westwick,Harry Westwick,Ottawa,1903
Westwick,Harry Westwick,Ottawa,1904
Westwick,Harry Westwick,Ottawa,1905
Westwick,Harry Westwick,Ottawa,1906
Westwick,Harry Westwick,Kenora,1907
Wharram,Kenny Wharram,Chicago,1961
Whitcroft,Fred Whitcroft,Kenora,1907
White,Colin White,New Jersey,2000
White,Colin White,New Jersey,2003
White,Frank White,Ottawa,1905
Whitney,Ray Whitney,Carolina,2006
Wiebe,Art Wiebe,Chicago,1938
Willett,Stanley Willett,Mtl. Victorias,1896
Williams,Jason Williams,Detroit,2002
Williams,Justin Williams,Carolina,2006
Wilson,Cully Wilson,Toronto,1914
Wilson,Cully Wilson,Seattle,1917
Wilson,Johnny Wilson,Detroit,1950
Wilson,Johnny Wilson,Detroit,1952
Wilson,Johnny Wilson,Detroit,1954
Wilson,Johnny Wilson,Detroit,1955
Wilson,Larry Wilson,Detroit,1950
Wilson,Murray Wilson,Montreal,1973
Wilson,Murray Wilson,Montreal,1976
Wilson,Murray Wilson,Montreal,1977
Wilson,Murray Wilson,Montreal,1978
Wiseman,Eddie Wiseman,Boston,1941
Woit,Benny Woit,Detroit,1952
Woit,Benny Woit,Detroit,1954
Woit,Benny Woit,Detroit,1955
Wolanin,Craig Wolanin,Colorado,1996
Wood,Burke Wood,Wpg. Victorias,1901
Wood,Burke Wood,Wpg. Victorias,1902
Wood,F.H. Wood,Ottawa,1903
Worsley,Gump Worsley,Montreal,1965
Worsley,Gump Worsley,Montreal,1966
Worsley,Gump Worsley,Montreal,1968
Worsley,Gump Worsley,Montreal,1969
Wregget,Ken Wregget,Pittsburgh,1992
Yelle,Stephane Yelle,Colorado,1996
Yelle,Stephane Yelle,Colorado,2001
Young,Doug Young,Detroit,1936
Young,Doug Young,Detroit,1937
Young,Scott Young,Pittsburgh,1991
Young,Scott Young,Colorado,1996
Young,Wendell Young,Pittsburgh,1991
Young,Wendell Young,Pittsburgh,1992
Yzerman,Steve Yzerman,Detroit,1997
Yzerman,Steve Yzerman,Detroit,1998
Yzerman,Steve Yzerman,Detroit,2002
Zeidel,Larry Zeidel,Detroit,1952
Zelepukin,Valeri Zelepukin,New Jersey,1995
Zetterberg,Henrik Zetterberg,Detroit,2008
Zubov,Sergei Zubov,NY Rangers,1994
Zubov,Sergei Zubov,Dallas,1999
